table,N,LightLevel,block,rep,spp,chl_wt,chl_area,A6491,A6491.1,A6491.2,A6651,A6651.1,A6651.2,tla,focal.area,dry.focal.wt,fresh.focal.wt,sla,stem.wt,leaf.wt,roots.wt,nod.wt,biomass,n.leaf,c.leaf,Aamb,TPU,Vcmax,Jmax,Tleaf,TleafK
3,0 ppm,zero,one,1,Cotton,0.0401,2.121,0.174,0.175,0.169,0.489,0.489,0.488,107.429,25.945,0.1361,0.4858,190.6318883,0.5971,0.6127,0.557,0,1.7668,2.054070789,38.75500862,17.10707445,16.76486959,97.277436,105.9748862,25.00777595,298.157776
4,0 ppm,thirty,one,1,Cotton,0.0259,1.947,0.038,0.032,0.051,0.337,0.339,0.352,128.606,31.142,0.1303,0.4663,239.0023024,0.5401,0.5263,0.2569,0,1.3233,2.164477027,NA,18.90294373,16.06172895,92.91380201,113.7831461,24.98862614,298.1386261
1,0 ppm,fifty,one,1,Cotton,0.0198,1.889,0.085,0.096,0.089,0.231,0.287,0.236,190.59,48.41,0.1628,0.5755,297.3587224,0.6742,0.6024,0.3108,0,1.5874,2.2063029,38.81658106,9.608018051,9.584695661,49.99479911,58.911233,24.99122182,298.1412218
2,0 ppm,eighty,one,1,Cotton,0.0157,1.751,0.147,0.155,0.147,0.37,0.376,0.368,192.992,45.66,0.0989,0.5081,461.6784631,0.4222,0.4435,0.0747,0,0.9404,3.266292687,36.82450479,10.59762422,10.1596579,56.75991456,62.48158399,24.92285161,298.0728516
3,70 ppm,zero,one,1,Cotton,0.0341,2.103,0.179,0.182,0.176,0.493,0.494,0.486,254.638,51.672,0.2589,0.8721,199.5828505,1.4222,1.3104,0.7725,0,3.5051,2.782346237,38.59301024,23.36831942,21.16036211,134.6385171,146.4178286,25.00245308,298.1524531
4,70 ppm,thirty,one,1,Cotton,0.0234,1.877,0.095,0.093,0.101,0.225,0.226,0.235,176.479,51.166,0.1673,0.7329,305.8338314,0.405,0.6335,0.1718,0,1.2103,3.933619251,37.06133189,12.04058248,14.16042968,59.20192872,82.81316099,24.99174182,298.1417418
1,70 ppm,fifty,one,1,Cotton,0.0188,1.805,0.119,0.106,0.131,0.319,0.306,0.335,384.797,83.279,0.2572,1.0539,323.7908243,1.0403,1.1358,0.3551,0,2.5312,3.342527328,37.89807645,13.88278645,14.07913029,69.35070269,86.5671758,24.98080909,298.1308091
2,70 ppm,eighty,one,1,Cotton,0.0187,1.6,0.141,0.165,0.155,0.354,0.378,0.366,314.166,68.341,0.1579,0.864,432.8119063,0.4733,0.7634,0.0837,0,1.3204,3.887580876,35.03290929,13.33314245,10.55612156,63.85274053,75.35736879,25.01514751,298.1651475
3,210 ppm,zero,one,1,Cotton,0.0352,1.883,0.226,0.227,0.23,0.671,0.673,0.678,242.855,46.629,0.2347,0.8876,198.6749041,0.9154,1.0979,0.7178,0,2.7311,4.409956432,38.06576786,28.92871764,27.76624749,177.548701,202.6920855,24.97767771,298.1276777
4,210 ppm,thirty,one,1,Cotton,0.0258,1.903,0.021,0.017,0.028,0.333,0.327,0.338,187.501,58.311,0.2975,0.9025,196.0033613,0.686,0.8229,0.2728,0,1.7817,3.798074243,35.53716472,18.6460478,22.74616699,95.58407768,138.8869562,25.00094318,298.1509432
1,210 ppm,fifty,one,1,Cotton,0.0176,1.749,0.074,0.075,0.083,0.25,0.25,0.257,583.701,79.508,0.2973,1.0319,267.4335688,1.665,1.8709,0.511,0,4.0469,3.913345488,38.51440827,7.699158076,15.85441944,60.3602536,100.1020805,24.99152727,298.1415273
2,210 ppm,eighty,one,1,Cotton,0.0213,1.772,0.148,0.138,0.169,0.367,0.352,0.38,329.789,72.192,0.1729,1.0323,417.5361481,0.4377,0.7727,0.1517,0,1.3621,4.39821101,35.39103554,13.79897141,13.27763928,70.65447092,81.88452932,25.0098217,298.1598217
3,630 ppm,zero,one,1,Cotton,0.026,1.81,0.16,0.158,0.157,0.43,0.428,0.427,365.272,60.841,0.2656,0.9825,229.0700301,1.0525,1.5765,0.7293,0,3.3583,4.805597289,40.42719403,22.12846371,21.99790643,142.8188491,173.2360869,24.99910968,298.1491097
4,630 ppm,thirty,one,1,Cotton,0.0228,1.835,0.019,0.032,0.022,0.32,0.336,0.325,404.17,25.117,0.094,0.4144,267.2021277,0.8613,1.5387,0.1817,0,2.5817,5.094472981,38.18465997,17.91137737,20.60460868,97.78379531,128.683655,24.96821727,298.1182173
1,630 ppm,fifty,one,1,Cotton,0.0203,1.911,0.11,0.101,0.111,0.303,0.294,0.307,758.797,91.352,0.2666,1.1742,342.6556639,1.4597,2.1581,0.2274,0,3.8452,4.574431142,37.91465639,15.4675565,14.31423572,76.29429232,97.64998318,24.94874545,298.0987455
2,630 ppm,eighty,one,1,Cotton,0.0149,1.289,0.12,0.11,0.149,0.286,0.277,0.316,157.753,46.281,0.0905,0.5527,511.3922652,0.2549,0.366,0.0387,0,0.6596,NA,NA,9.123234047,8.459106423,46.14357223,51.34184981,24.97909179,298.1290918
3,0 ppm,zero,one,2,Cotton,0.0283,2.03,0.39,0.409,0.387,0.147,0.158,0.146,221.707,32.042,0.1701,0.5879,188.3715461,1.0732,1.1547,0.7469,0,2.9748,2.394706906,39.65379737,17.87479194,16.49881883,96.68314863,109.8537493,25.05712962,298.2071296
4,0 ppm,thirty,one,2,Cotton,0.0261,1.835,0.316,0.329,0.322,0.118,0.126,0.122,190.524,18.459,0.0907,0.3401,203.5170893,0.7685,0.7934,0.3502,0,1.9121,2.426471092,40.67239609,11.63083949,13.75367202,64.7410701,81.40064983,25.06836716,298.2183672
1,0 ppm,fifty,one,2,Cotton,0.0264,2.06,0.34,0.348,0.35,0.128,0.132,0.136,243.336,27.651,0.1162,0.4453,237.9604131,0.7328,1.0049,0.4762,0,2.2139,2.634273812,39.75860096,13.12742492,12.00718586,66.12123319,76.71165357,24.94581965,298.0958196
2,0 ppm,eighty,one,2,Cotton,0.0207,2.001,0.304,0.305,0.309,0.119,0.119,0.124,168.379,21.367,0.0538,0.275,397.1561338,0.3702,0.603,0.2338,0,1.207,4.288534131,39.78327065,7.886427904,10.5849145,51.42336106,60.80114611,25.21102639,298.3610264
3,70 ppm,zero,one,2,Cotton,0.0254,1.83,0.511,0.503,0.534,0.196,0.191,0.22,225.611,31.531,0.1365,0.5952,230.996337,0.7029,1.1533,0.4729,0,2.3291,4.218868817,38.21042241,18.53062052,15.67783697,96.95784599,119.2752979,25.02093372,298.1709337
4,70 ppm,thirty,one,2,Cotton,0.024,2.013,0.428,0.438,0.425,0.171,0.174,0.161,301.252,32.81,0.1343,0.503,244.3037975,0.9866,1.109,0.4924,0,2.588,NA,NA,17.63440916,17.25047254,95.51065566,111.7522778,25.01073314,298.1607331
1,70 ppm,fifty,one,2,Cotton,0.025,1.891,0.406,0.378,0.389,0.174,0.149,0.159,226.239,20.978,0.0917,0.3793,228.7677208,0.6315,0.9012,0.2551,0,1.7878,3.452274655,38.81624051,12.79141805,14.19626104,69.62170465,86.18613621,24.98719853,298.1371985
2,70 ppm,eighty,one,2,Cotton,0.0277,2,0.609,0.614,0.615,0.236,0.242,0.241,152.914,47.874,0.1533,0.7173,312.2896282,0.4739,0.5444,0.1615,0,1.1798,3.327362789,34.55759645,14.0709573,13.33653992,71.071888,84.04678813,24.97329971,298.1232997
3,210 ppm,zero,one,2,Cotton,0.0308,2.052,0.593,0.599,0.642,0.225,0.223,0.235,263.971,54.122,0.2597,1.1645,208.4020023,0.7557,1.2493,0.5056,0,2.5106,4.693364895,37.91005558,19.29603727,20.96071087,117.1522892,141.1535628,25.16317918,298.3131792
4,210 ppm,thirty,one,2,Cotton,0.0199,1.953,0.444,0.452,0.445,0.164,0.158,0.165,314.586,72.93,0.2388,1.0573,305.4020101,0.7344,1.3532,0.2816,0,2.3692,4.841890118,39.41221866,15.40534635,16.25706048,92.70834563,102.7739407,24.96999413,298.1199941
1,210 ppm,fifty,one,2,Cotton,0.0284,2.072,0.579,0.6,0.577,0.224,0.242,0.221,234.761,71.734,0.2944,1.2943,243.6616848,0.9221,0.9916,0.3741,0,2.2878,3.926729363,34.63997138,13.8119706,12.7985914,75.09272155,79.44611481,25.01260968,298.1626097
2,210 ppm,eighty,one,2,Cotton,0.0282,1.899,0.505,0.509,0.509,0.194,0.199,0.2,239.693,66.791,0.2356,1.141,283.4932088,0.612,0.7626,0.2348,0,1.6094,3.64058714,33.83031522,14.15525182,12.52634284,75.35205234,86.1304222,24.97661261,298.1266126
3,630 ppm,zero,one,2,Cotton,0.0295,1.968,0.671,0.643,0.654,0.252,0.232,0.247,332.127,22.454,0.1356,0.4961,165.5899705,1.1454,1.7038,0.855,0,3.7042,4.798230299,38.97466636,21.05673318,23.88140804,159.377408,174.3837114,24.97273167,298.1227317
4,630 ppm,thirty,one,2,Cotton,0.0184,1.861,0.405,0.431,0.436,0.153,0.161,0.179,372.533,46.052,0.1706,0.8038,269.9413834,0.7167,1.3589,0.3114,0,2.387,4.682355289,37.62225784,15.1153439,14.40780721,73.66722603,91.07140169,25.15669795,298.3066979
1,630 ppm,fifty,one,2,Cotton,0.0274,2.175,0.462,0.476,0.48,0.172,0.178,0.182,258.806,73.388,0.2848,1.1011,257.6825843,1.0312,1.0264,0.5302,0,2.5878,3.739359102,34.32095981,8.037002724,9.163213026,52.08755984,51.82722349,24.97365425,298.1236543
2,630 ppm,eighty,one,2,Cotton,0.0262,2.05,0.614,0.619,0.619,0.2223,0.238,0.242,246.379,71.422,0.2335,1.0754,305.875803,0.6458,0.8044,0.2893,0,1.7395,3.587818455,34.083494,14.28421495,13.80998897,75.28772535,86.2633667,25.02517273,298.1751727
3,0 ppm,zero,one,3,Cotton,0.0269,1.995,0.178,0.185,0.192,0.437,0.446,0.458,193.61,30.675,0.1571,0.5103,195.2577976,1.0567,0.9926,0.0935,0,2.1428,2.373388312,43.01979344,17.65301826,14.49945868,96.5887219,102.1549601,24.96699619,298.1169962
4,0 ppm,thirty,one,3,Cotton,0.0208,1.767,0.129,0.13,0.13,0.328,0.328,0.33,142.611,40.571,0.1783,0.6005,227.5434661,0.6426,0.6155,0.0631,0,1.3212,3.243522294,43.495096,12.92302346,11.45062385,63.89556122,76.12303746,25.03043138,298.1804314
1,0 ppm,fifty,one,3,Cotton,0.0184,1.794,0.126,0.126,0.126,0.305,0.304,0.305,204.511,57.824,0.2074,0.7892,278.804243,0.7211,0.7513,0.1613,0,1.6337,2.7288264,37.80031545,13.12728092,11.69411996,65.48154174,75.50457234,24.64690645,297.7969065
2,0 ppm,eighty,one,3,Cotton,0.0155,1.777,0.142,0.142,0.127,0.334,0.317,0.316,225.398,45.232,0.115,0.5198,393.3217391,0.5182,0.6091,0.151,0,1.2783,2.849183114,35.66521683,9.949223168,9.58856648,47.88101204,59.2051516,25.62659589,298.7765959
3,70 ppm,zero,one,3,Cotton,0.0215,1.926,0.157,0.165,0.168,0.387,0.395,0.401,231.157,61.982,0.2511,0.8835,246.8418957,0.9043,1.0015,0.3952,0,2.301,2.77389182,37.88100965,16.65504117,14.65942527,83.40696978,98.09328024,24.89834282,298.0483428
4,70 ppm,thirty,one,3,Cotton,0.0213,1.952,0.15,0.149,0.151,0.384,0.384,0.383,246.302,58.052,0.2114,0.8444,274.6073794,0.9299,0.9578,0.3595,0,2.2472,3.139855367,40.283046,17.21725842,15.87366828,84.84385291,104.5838115,25.12430059,298.2743006
1,70 ppm,fifty,one,3,Cotton,0.0199,1.86,0.18,0.18,0.18,0.449,0.449,0.448,142.216,36.671,0.1547,0.5367,237.0458953,0.5118,0.5946,0.1315,0,1.2379,2.605762951,31.97395392,9.973667668,10.94176529,45.87139526,63.11642568,24.9681261,298.1181261
2,70 ppm,eighty,one,3,Cotton,0.022,1.881,0.118,0.113,0.114,0.293,0.285,0.285,129.158,26.784,0.084,0.4903,318.8571429,0.2797,0.352,0.0654,0,0.6971,4.8226448,32.43696739,10.38215408,11.74350456,51.48106586,70.02049536,24.98847771,298.1384777
3,210 ppm,zero,one,3,Cotton,0.0223,2,0.201,0.203,0.202,0.514,0.515,0.516,302.508,71.504,0.3165,1.1553,225.9210111,1.1627,1.3502,0.538,0,3.0509,4.034672991,41.67711315,19.39189663,19.22350365,123.6031785,134.7937261,25.03231232,298.1823123
4,210 ppm,thirty,one,3,Cotton,0.0215,1.919,0.143,0.154,0.164,0.359,0.367,0.372,267.14,58.278,0.1939,0.9062,300.5569881,0.4766,0.9248,0.1283,0,1.5297,4.617125071,38.35216518,14.49893728,19.14558692,80.20261755,114.9391788,24.97810059,298.1281006
1,210 ppm,fifty,one,3,Cotton,0.0229,1.984,0.148,0.142,0.153,0.357,0.341,0.357,302.38,53.264,0.211,0.9617,252.436019,0.6324,1.1527,0.136,0,1.9211,4.108896008,35.84283251,12.98086986,13.28466177,68.35166628,83.28090887,24.96701202,298.117012
2,210 ppm,eighty,one,3,Cotton,0.0275,1.886,0.22,0.205,0.223,0.542,0.518,0.535,65.389,21.792,0.0679,0.3806,320.9425626,0.206,0.2138,0.0656,0,0.4854,3.896142637,34.77599824,10.92473387,11.13471806,59.38798919,69.67579549,24.93993813,298.0899381
3,630 ppm,zero,one,3,Cotton,0.0234,1.947,0.212,0.213,0.214,0.56,0.559,0.561,366.114,67.371,0.2777,1.149,242.603529,0.9335,1.6374,0.272,0,2.8429,4.72594783,37.81156298,13.85703366,21.59162432,90.97686721,126.4567852,25.11191261,298.2619126
4,630 ppm,thirty,one,3,Cotton,0.0239,2.011,0.22,0.232,0.233,0.542,0.555,0.562,291.87,51.804,0.2702,1.3688,191.7246484,0.6702,0.9647,0.293,0,1.9279,3.80579906,36.6237921,14.58610151,14.28557964,73.3604026,89.4798847,25.03366657,298.1836666
1,630 ppm,fifty,one,3,Cotton,0.0233,1.992,0.244,0.225,0.225,0.588,0.59,0.566,202.079,43.793,0.2041,0.7157,214.566389,0.6003,0.803,0.1823,0,1.5856,2.959015599,31.79307688,13.97738952,15.12815688,66.1813182,87.7404988,24.42616686,297.5761669
2,630 ppm,eighty,one,3,Cotton,0.0189,1.81,0.186,0.185,0.199,0.484,0.483,0.52,138.957,48.991,0.1494,0.8042,327.91834,0.2667,0.4047,0.0493,0,0.7207,3.902348267,31.57028641,11.42662188,11.40300984,65.89636077,70.59680101,25.69081466,298.8408147
3,0 ppm,zero,one,4,Cotton,0.0285,2.031,0.18,0.189,0.178,0.442,0.458,0.441,123.017,30.091,0.1516,0.5015,198.4894459,0.5221,0.5923,0.1995,0,1.3139,2.000393804,39.55173325,11.82457826,12.72518424,57.77025752,78.21593338,24.96958739,298.1195874
4,0 ppm,thirty,one,4,Cotton,0.0275,2.047,0.233,0.222,0.22,0.58,0.561,0.56,219.342,49.463,0.2244,0.8556,220.4233512,0.9457,0.9738,0.398,0,2.3175,2.582705676,35.52565935,14.57461862,13.62085979,74.78142304,88.26176799,25.01579355,298.1657935
1,0 ppm,fifty,one,4,Cotton,0.0195,2.097,0.158,0.149,0.145,0.323,0.314,0.343,106.739,13.365,0.0408,0.1613,327.5735294,0.3009,0.4376,0.1634,0,0.9019,4.045314709,41.73101639,3.798925515,8.761330215,25.31909526,50.79274698,24.99101936,298.1410194
2,0 ppm,eighty,one,4,Cotton,0.0164,1.83,0.155,0.158,0.157,0.385,0.407,0.385,212.339,27.321,0.0875,0.3333,312.24,0.6147,0.6649,0.1312,0,1.4108,3.012928817,38.24279026,6.129978205,6.735497005,31.34728707,41.53982835,24.92294106,298.0729411
3,70 ppm,zero,one,4,Cotton,0.0329,1.922,0.198,0.204,0.213,0.506,0.517,0.52,260.914,53.621,0.277,1.0254,193.5776173,1.679,1.3291,0.7526,0,3.7607,2.797097466,39.64140426,22.3551431,22.04968816,134.9045275,143.7015188,26.55917361,299.7091736
4,70 ppm,thirty,one,4,Cotton,0.0253,1.922,0.179,0.164,0.169,0.426,0.409,0.415,265.386,43.102,0.1829,0.6992,235.65883,1,1.1793,0.2676,0,2.4469,2.751278024,38.31099763,14.1889867,15.7356012,80.77448271,92.99649757,25.99970352,299.1497035
1,70 ppm,fifty,one,4,Cotton,0.0205,2.041,0.202,0.179,0.183,0.467,0.442,0.446,126.265,38.86,0.1341,0.4576,289.7837435,0.3963,0.5003,0.1665,0,1.0631,2.257395634,40.30423963,10.28045731,12.25697603,52.47059085,69.94049342,26.39766774,299.5476677
2,70 ppm,eighty,one,4,Cotton,0.0202,1.882,0.163,0.191,0.168,0.414,0.442,0.418,112.907,32.185,0.0877,0.4383,366.9897377,0.247,0.3614,0.0445,0,0.6529,3.636921005,33.9368097,11.30228378,8.393537115,43.5412468,55.7475078,22.53137302,295.681373
3,210 ppm,zero,one,4,Cotton,0.0314,2.114,0.224,0.214,0.208,0.574,0.563,0.559,296.823,87.722,0.4364,1.6146,201.0128323,1.3357,1.5162,0.5184,0,3.3703,5.538008913,53.26506008,18.04615949,14.41677923,114.4780904,109.3342443,24.98499619,298.1349962
4,210 ppm,thirty,one,4,Cotton,0.025,1.986,0.159,0.17,0.152,0.404,0.413,0.396,139.917,48.388,0.149,0.7442,324.7516779,0.3607,0.5192,0.0549,0,0.9348,4.532122651,37.71375282,14.710131,14.4730295,78.89743031,92.61795347,24.98168182,298.1316818
1,210 ppm,fifty,one,4,Cotton,0.0246,2.012,0.213,0.171,0.177,0.441,0.449,0.433,271.213,63.154,0.2237,0.9416,282.3156013,0.6514,1.0465,0.147,0,1.8449,4.04849693,36.2770344,12.04852804,14.12244486,61.58961215,79.78635751,26.2110698,299.3610698
2,210 ppm,eighty,one,4,Cotton,0.0256,1.885,0.176,0.181,0.186,0.438,0.444,0.448,175.781,71.246,0.1675,1.1314,425.3492537,0.4236,0.546,0.0747,0,1.0443,4.31297155,35.20314341,11.2486609,5.946319959,45.15975212,50.62261679,22.91414135,296.0641414
3,630 ppm,zero,one,4,Cotton,0.0258,1.93,0.238,0.241,0.24,0.615,0.634,0.616,380.98,63.707,0.2687,1.0758,237.0934127,1.2681,1.7241,0.4559,0,3.4481,4.28239071,39.47476758,20.61781298,18.33284134,119.2153021,125.3888476,25.75530147,298.9053015
4,630 ppm,thirty,one,4,Cotton,0.0246,1.991,0.208,0.202,0.191,0.491,0.495,0.497,478.587,96.606,0.3606,1.4823,267.9034942,1.2771,1.8685,0.2896,0,3.4352,4.014556188,37.10946428,17.1116966,16.94337745,118.026028,112.1253821,26.6208824,299.7708824
1,630 ppm,fifty,one,4,Cotton,0.0251,2.011,0.17,0.197,0.174,0.431,0.46,0.435,253.05,33.82,0.133,0.5783,254.2857143,0.6767,1.1511,0.1627,0,1.9905,4.423322098,32.97612169,9.769303503,13.60153051,52.29164659,67.83491067,24.83250235,297.9825023
2,630 ppm,eighty,one,4,Cotton,0.0213,2.146,0.169,0.174,0.202,0.466,0.432,0.443,185.753,70.037,0.1999,0.997,350.3601801,0.4818,0.5608,0.0965,0,1.1391,3.988257459,34.04679838,9.752869688,8.587522521,49.71176566,57.92770622,24.96006158,298.1100616
3,0 ppm,zero,one,5,Soybean,0.0156,1.61,0.15,0.15,0.153,0.436,0.438,0.439,216.14,14.893,0.0504,0.1679,295.4960317,0.4339,0.6742,0.3226,0.0401,1.4307,4.158044116,42.01851125,11.57227555,17.44858826,81.41282812,96.47078517,27.20333959,300.3533396
4,0 ppm,thirty,one,5,Soybean,0.0174,1.82,0.109,0.108,0.108,0.32,0.318,0.318,322.528,24.927,0.0601,0.26,414.7587354,0.4071,0.789,0.2155,0.0413,1.4116,5.157539935,42.48063374,13.76494065,20.88881302,82.49595241,110.4687662,27.05825279,300.2082528
1,0 ppm,fifty,one,5,Soybean,0.0116,1.523,0.126,0.134,0.129,0.372,0.378,0.371,294.331,29.522,0.0618,0.2535,477.7022654,0.5494,0.7892,0.1741,0.0678,1.5127,5.047432165,43.08459229,12.98066185,17.12637802,82.15480698,96.18468773,27.29998417,300.4499842
2,0 ppm,eighty,one,5,Soybean,0.0096,1.654,0.099,0.134,0.109,0.283,0.327,0.317,192.667,29.273,0.0486,0.1886,602.3251029,0.3086,0.356,0.107,0.0162,0.7716,4.675860813,42.77940732,11.71291226,13.85875072,57.76165223,75.9740061,25.10977801,298.259778
3,70 ppm,zero,one,5,Soybean,0.0121,1.474,0.117,0.103,0.108,0.336,0.318,0.321,218.807,29.606,0.0693,0.2559,427.2150072,0.3556,0.5699,0.2087,0.0433,1.1342,3.880112209,34.47932133,17.91587197,22.12142395,108.3053513,125.2470661,26.40470293,299.5547029
4,70 ppm,thirty,one,5,Soybean,0.153,1.806,0.091,0.091,0.09,0.269,0.268,0.271,227.14,21.178,0.0491,0.2154,431.3238289,0.4045,0.6014,0.1592,0.024,1.1651,4.820253971,42.91017669,10.49291131,17.51133402,49.16491029,96.84803263,25.39125865,298.5412587
1,70 ppm,fifty,one,5,Soybean,0.0148,1.71,0.146,0.145,0.148,0.442,0.441,0.445,258.84,22.666,0.0553,0.2227,409.8734177,0.4862,0.7105,0.2272,0.0277,1.4239,6.014599012,51.81236455,10.75309394,14.11910797,84.32745617,83.90643547,28.01521114,301.1652111
2,70 ppm,eighty,one,5,Soybean,0.0108,1.786,0.05,0.052,0.042,0.169,0.169,0.132,244.051,13.45,0.025,0.1019,538,0.384,0.4558,0.1392,0.0084,0.979,5.679425123,43.14134014,7.615095372,10.40133249,47.30750872,58.11822726,26.94477566,300.0947757
3,210 ppm,zero,one,5,Soybean,0.0198,1.876,0.135,0.138,0.147,0.398,0.4,0.408,411.903,13.415,0.0473,0.1741,283.615222,0.8072,1.2833,0.5629,0.0145,2.6534,3.994680166,40.67715649,8.17061629,18.30886743,69.97525763,107.2093199,28.15335924,301.3033592
4,210 ppm,thirty,one,5,Soybean,0.0174,1.975,0.121,0.126,0.124,0.357,0.362,0.355,406.199,13.791,0.0458,0.1632,301.1135371,0.8131,1.2051,0.37,0.0186,2.3882,4.546141717,42.16685296,10.30455242,15.49207679,60.66312707,87.30390772,25.22891437,298.3789144
1,210 ppm,fifty,one,5,Soybean,0.0119,1.498,0.133,0.117,0.118,0.364,0.34,0.341,428.59,24.838,0.0538,0.2329,461.6728625,0.7114,0.9999,0.1762,0.0061,1.8875,5.354270441,43.38466428,13.95983538,18.33636462,72.61329894,95.34430792,26.6514915,299.8014915
2,210 ppm,eighty,one,5,Soybean,0.0096,1.809,0.052,0.052,0.05,0.151,0.146,0.15,207.714,21.857,0.0308,0.1524,709.6428571,0.3689,0.4348,0.0667,0.0057,0.8704,4.853943851,41.84037959,7.92792347,12.31344768,59.05664696,66.60320813,28.18415631,301.3341563
3,630 ppm,zero,one,5,Soybean,0.0177,1.769,0.174,0.175,0.173,0.509,0.516,0.513,223.692,23.769,0.0776,0.2569,306.3015464,0.5869,0.7686,0.5081,0.0124,1.8636,4.208642802,37.26851895,18.39958359,26.47686496,158.2242604,159.907625,28.08451261,301.2345126
4,630 ppm,thirty,one,5,Soybean,0.0209,1.996,0.152,0.122,0.125,0.415,0.367,0.373,353.456,24.98,0.0788,0.2831,317.0050761,0.7476,1.1369,0.4037,0.0077,2.2882,5.571831376,42.94987798,11.52148933,19.98898242,77.97572707,112.1507576,25.66478504,298.814785
1,630 ppm,fifty,one,5,Soybean,0.0163,1.893,0.164,0.152,0.153,0.439,0.43,0.431,377.343,14.13,0.0427,0.1453,330.9133489,0.7522,1.0431,0.2082,0.009,2.0035,5.092801736,42.93933457,10.90705572,17.39891486,87.49664732,95.0802499,27.9996783,301.1496783
2,630 ppm,eighty,one,5,Soybean,0.0115,1.7,0.083,0.092,0.093,0.25,0.278,0.278,260.906,16.753,0.0282,0.1288,594.0780142,0.403,0.4633,0.1001,0,0.9664,3.261592587,25.19383861,9.237316122,14.80522521,63.62380081,73.32110618,27.9893349,301.1393349
3,0 ppm,zero,one,6,Soybean,0.0218,2.085,0.121,0.118,0.136,0.357,0.346,0.389,368.834,12.647,0.0458,0.1637,276.1353712,0.7387,1.1764,0.3425,0.1729,2.2576,5.456027119,41.5708009,11.27358711,16.14916713,58.6324683,90.39899564,25.01791789,298.1679179
4,0 ppm,thirty,one,6,Soybean,0.0152,1.959,0.084,0.086,0.124,0.281,0.282,0.313,145.327,18.866,0.0432,0.184,436.712963,0.2246,0.3681,0.1533,0.053,0.746,4.734671635,42.4384628,15.62157091,20.21912258,94.4676019,113.3358985,25.44005103,298.590051
1,0 ppm,fifty,one,6,Soybean,0.0124,2.009,0.127,0.126,0.13,0.381,0.381,0.385,296.645,31.907,0.0549,0.2533,581.1839709,0.6312,0.6526,0.1455,0.083,1.4293,4.80625487,38.66697728,10.09905541,11.65870544,60.61968961,67.95634114,25.31036276,298.4603628
2,0 ppm,eighty,one,6,Soybean,0.0101,1.843,0.104,0.107,0.096,0.316,0.322,0.317,239.429,32.231,0.0564,0.2133,571.4716312,0.4275,0.4793,0.1279,0.04,1.0347,4.812124982,44.17544979,6.929142264,8.994318738,42.58922136,46.42368522,27.00102669,300.1510267
3,70 ppm,zero,one,6,Soybean,0.0191,2.006,0.132,0.13,0.136,0.382,0.38,0.399,394.49,32.46,0.1086,0.4018,298.8950276,0.8387,1.2566,0.4547,0.1148,2.55,4.763577147,42.39805535,15.37099171,21.83742223,92.66022472,124.4958447,25.0320566,298.1820566
4,70 ppm,thirty,one,6,Soybean,0.0144,1.83,0.085,0.085,0.087,0.273,0.274,0.274,481.313,31.318,0.0754,0.3022,415.3580902,0.8083,1.1249,0.2421,0.1168,2.1753,5.512989287,41.73778498,13.27962289,20.45816387,92.35770608,111.4200813,26.70679648,299.8567965
1,70 ppm,fifty,one,6,Soybean,0.0146,1.755,0.0126,0.125,0.13,0.37,0.369,0.374,309.549,31.3,0.0571,0.2343,548.1611208,0.8,0.8,0.3361,0.0092,1.9361,5.08298504,40.3725419,11.62128812,14.20190226,57.06970948,80.44510023,25.08303343,298.2330334
2,70 ppm,eighty,one,6,Soybean,0.01,1.866,0.07,0.072,0.07,0.215,0.217,0.215,247.998,19.173,0.0248,0.134,773.1048387,0.3387,0.3628,0.0473,0.005,0.7488,5.105974235,41.71825302,7.968343003,10.10488974,50.06206475,54.83780591,27.63562317,300.7856232
3,210 ppm,zero,one,6,Soybean,0.0207,2.095,0.121,0.127,0.144,0.362,0.369,0.389,253.609,10.677,0.0377,0.1385,283.2095491,0.7074,0.8962,0.4789,0,2.0825,5.26040666,42.84032866,11.09122011,16.81977315,67.0411429,94.44726523,25.04773607,298.1977361
4,210 ppm,thirty,one,6,Soybean,0.0189,2.029,0.129,0.147,0.128,0.411,0.431,0.41,587.818,28.533,0.0888,0.346,321.3175676,1.1924,1.7212,0.57,0.0072,3.4836,4.240691326,41.75809855,12.46412113,19.12910706,94.97659661,105.9855692,27.59583959,300.7458396
1,210 ppm,fifty,one,6,Soybean,0.0165,2.012,0.099,0.102,0.107,0.3,0.305,0.313,436.987,19.619,0.0495,0.2096,396.3434343,0.8174,1.0813,0.3405,8.00E-04,2.2392,5.451841452,40.88751485,8.994298402,11.85918187,52.55136103,68.12666879,25.18075425,298.3307543
2,210 ppm,eighty,one,6,Soybean,0.0104,1.719,0.09,0.088,0.088,0.267,0.267,0.267,349.062,26.538,0.0419,0.1658,633.3651551,0.6247,0.6996,0.1588,0.0053,1.4831,5.574379444,42.65066258,9.220671046,12.22930433,55.52950578,65.05597052,26.91579355,300.0657935
3,630 ppm,zero,one,6,Soybean,0.0214,2.05,0.088,0.091,0.092,0.268,0.27,0.272,587.241,38.039,0.1214,0.474,313.3360791,1.4131,1.8715,0.6398,0.0144,3.9244,4.420214673,40.93900746,15.61354627,20.79870913,90.11245123,115.3340075,25.10077361,298.2507736
4,630 ppm,thirty,one,6,Soybean,0.0176,1.959,0.118,0.117,0.117,0.359,0.358,0.358,679.282,26.538,0.0755,0.2643,351.4966887,1.3439,1.9124,0.6629,0.0175,3.9192,4.270199825,42.5707256,11.21625065,17.71905793,62.0233335,94.244304,26.48388299,299.633883
1,630 ppm,fifty,one,6,Soybean,0.0131,1.91,0.118,0.105,0.107,0.332,0.319,0.322,754.489,22.762,0.0533,0.2196,427.054409,1.5812,1.8608,0.3882,8.00E-04,3.8302,5.333931076,43.12920617,11.43882679,14.15732285,56.87468721,72.29461958,25.12094516,298.2709452
2,630 ppm,eighty,one,6,Soybean,0.0128,2.021,0.104,0.157,0.103,0.336,0.393,0.335,361.728,8.543,0.021,0.0683,406.8095238,0.5366,0.6,0.0835,0.0036,1.2201,5.686083234,41.49076641,6.869212737,12.29396351,42.72451142,65.95872799,27.37501759,300.5250176
3,0 ppm,zero,one,7,Soybean,0.0183,1.83,0.132,0.13,0.131,0.371,0.368,0.37,281.811,19.974,0.0541,0.215,369.2051756,0.5864,0.8427,0.4256,0.1105,1.8547,4.789632147,42.82647076,15.08877342,20.28435857,127.6163672,127.1496942,26.85393402,300.003934
4,0 ppm,thirty,one,7,Soybean,0.0157,1.923,0.134,0.14,0.141,0.432,0.436,0.438,577.191,26.818,0.0635,0.2595,422.3307087,0.9284,1.3467,0.4317,0.1357,2.7068,5.452630048,42.65603297,9.558158139,18.09824363,91.69235707,112.5911411,27.91328299,301.063283
1,0 ppm,fifty,one,7,Soybean,0.0129,1.832,0.113,0.116,0.121,0.343,0.347,0.358,288.502,18.699,0.0374,0.1538,499.973262,0.504,0.5582,0.1105,0.0441,1.1727,6.362797927,43.45179501,11.75848742,14.92177084,75.19565799,83.33441933,26.86889912,300.0188991
2,0 ppm,eighty,one,7,Soybean,0.0104,1.721,0.092,0.093,0.093,0.298,0.294,0.299,322.815,25.71,0.0369,0.1761,696.7479675,0.5727,0.6075,0.123,0.0502,1.3032,5.94729512,43.48519774,8.55333413,11.0435144,56.02974872,61.06688243,27.36650586,300.5165059
3,70 ppm,zero,one,7,Soybean,0.0176,1.883,0.112,0.112,0.111,0.326,0.326,0.325,376.554,31.045,0.0815,0.3439,380.9202454,1.0013,1.038,0.6795,0.0748,2.7188,4.540244004,42.63455767,13.96737663,18.97707526,102.3786874,120.1105472,27.2231912,300.3731912
4,70 ppm,thirty,one,7,Soybean,0.0136,1.73,0.089,0.091,0.089,0.299,0.3,0.297,574.821,49.483,0.097,0.4419,510.1340206,0.9242,1.1914,0.2925,0.1017,2.4081,5.025733841,42.99817104,15.15151109,18.17527174,104.9421619,107.0548038,26.86589267,300.0158927
1,70 ppm,fifty,one,7,Soybean,0.0116,1.644,0.045,0.046,0.045,0.136,0.135,0.135,303.623,31.83,0.0519,0.2403,613.2947977,0.5371,0.5287,0.136,0.0457,1.2018,5.529288675,43.46466869,14.19437745,18.96238751,101.6055434,117.0818257,27.28611613,300.4361161
2,70 ppm,eighty,one,7,Soybean,0.0105,1.809,0.085,0.088,0.1,0.243,0.295,0.307,286.434,21.476,0.0285,0.1537,753.5438596,0.4396,0.4835,0.0981,0.016,1.0212,5.940766119,42.8156002,8.105761177,10.06233194,46.99433981,55.64692932,27.03414281,300.1841428
3,210 ppm,zero,one,7,Soybean,0.0195,1.932,0.14,0.14,0.14,0.409,0.41,0.411,522.113,32.925,0.0911,0.3901,361.4160263,1.3717,NA,0.8622,0.0169,NA,5.141562743,43.33272692,13.91693905,22.65817776,106.0890377,136.4337436,27.66753108,300.8175311
4,210 ppm,thirty,one,7,Soybean,0.0177,1.954,0.146,0.137,0.14,0.431,0.423,0.426,733.397,20.188,0.0603,0.211,334.7927032,1.1284,1.6815,0.5584,0.0116,3.3683,4.540549849,42.58429741,8.142645532,15.14663692,62.24835495,83.54999929,27.74491202,300.894912
1,210 ppm,fifty,one,7,Soybean,0.0165,1.75,0.102,0.1,0.101,0.297,0.295,0.296,742.205,12.756,0.0344,0.1394,370.8139535,1.2689,1.5112,0.4453,0.0334,3.2254,5.041817065,42.06431755,7.917106479,15.31985419,55.22216675,85.27521696,27.18952815,300.3395282
2,210 ppm,eighty,one,7,Soybean,0.0131,1.909,0.08,0.078,0.079,0.25,0.245,0.247,456.983,15.767,0.0243,0.1261,648.8477366,0.7521,0.834,0.174,0.0034,1.7601,5.185491558,41.76680285,7.368721659,11.13269951,38.43142372,57.55727273,26.89772757,300.0477276
3,630 ppm,zero,one,7,Soybean,0.0191,1.716,0.109,0.118,0.112,0.33,0.341,0.335,422.196,38.393,0.108,0.4678,355.4907407,1.0918,1.2857,0.7501,0.0213,3.1276,5.667507171,43.06088602,18.83270371,25.65143215,131.6588068,147.9441495,26.24651114,299.3965111
4,630 ppm,thirty,one,7,Soybean,0.0166,1.948,0.141,0.141,0.142,0.441,0.442,0.444,537.096,39.343,0.0898,0.3851,438.1180401,1.0089,1.3638,0.6416,0.0052,3.0143,5.684039162,43.77219718,10.01070247,17.82957326,93.3798991,106.4459595,28.02624839,301.1762484
1,630 ppm,fifty,one,7,Soybean,0.0152,2.025,0.107,0.105,0.105,0.318,0.3131,0.313,360.715,9.342,0.022,0.0887,424.6363636,0.6147,0.7204,0.1982,0.0017,1.5333,6.343012451,43.2732741,7.137073665,13.34172962,53.13763993,79.84246584,27.3290302,300.4790302
2,630 ppm,eighty,one,7,Soybean,0.0103,1.759,0.083,0.076,0.078,0.268,0.262,0.26,386.267,47.846,0.062,0.3397,771.7096774,0.7188,0.7919,0.1284,0,1.6391,5.88444972,42.17007126,7.706769665,10.5146224,60.48341651,64.6965083,26.95597888,300.1059789
3,0 ppm,zero,one,8,Soybean,0.016,1.768,0.11,0.112,0.133,0.334,0.357,0.353,111.102,16.932,0.0383,0.1749,442.0887728,0.1192,0.2565,0.096,0,0.4717,5.496047512,42.29523381,14.98181596,19.10861613,84.36765613,108.3793419,25.01100733,298.1610073
4,0 ppm,thirty,one,8,Soybean,0.0167,1.915,0.139,0.15,0.15,0.399,0.411,0.418,215.263,32.597,0.085,0.3096,383.4941176,0.4087,0.6051,0.2032,0.0016,1.217,4.279667441,43.04727193,17.23165622,21.60037508,98.20311391,125.7224805,24.95624458,298.1062446
1,0 ppm,fifty,one,8,Soybean,0.0118,1.642,0.073,0.096,0.094,0.226,0.25,0.259,235.147,32.152,0.0597,0.2682,538.559464,0.3669,0.5491,0.0815,0.0036,0.9975,5.268912884,43.1889801,14.77491539,17.25377813,75.13751973,97.44978179,24.95611818,298.1061182
2,0 ppm,eighty,one,8,Soybean,0.012,1.872,0.111,0.107,0.101,0.28,0.285,0.271,184.244,16.501,0.0248,0.1207,665.3629032,0.307,0.324,0.0408,0.0057,0.6718,5.390775489,43.24414074,8.441607109,10.61275554,41.45304248,55.39503165,24.96819501,298.118195
3,70 ppm,zero,one,8,Soybean,0.0188,1.983,0.152,0.165,0.175,0.429,0.444,0.468,404.822,33.817,0.0982,0.3446,344.3686354,0.9601,1.2508,0.6674,0.0682,2.8783,4.228441849,44.09904794,17.47577718,24.9894063,102.7552185,133.8438471,24.997739,298.147739
4,70 ppm,thirty,one,8,Soybean,0.016,1.9,0.101,0.106,0.106,0.311,0.312,0.325,206.711,36.025,0.0788,0.346,457.1700508,0.4225,0.6257,0.1288,0.0349,1.177,4.461644814,42.74259249,18.57621859,23.35530828,118.0084724,141.7360864,27.09531818,300.2453182
1,70 ppm,fifty,one,8,Soybean,0.0141,1.865,0.086,0.102,0.106,0.243,0.265,0.274,236.493,15.118,0.0289,0.1392,523.1141869,0.3788,0.4866,0.0379,9.00E-04,0.9033,5.095804976,42.48479274,10.49112971,18.093892,49.1764179,89.79537652,25.91878065,299.0687806
2,70 ppm,eighty,one,8,Soybean,0.0141,2,0.123,0.134,0.123,0.34,0.351,0.346,128.656,23.097,0.0359,0.1613,643.3704735,0.1573,0.2383,0.0846,0,0.4802,4.759308039,42.62139661,12.7566586,13.9065417,62.04162907,80.54461329,24.97995572,298.1299557
3,210 ppm,zero,one,8,Soybean,0.0209,2.019,0.113,0.139,0.228,0.33,0.357,0.484,431.229,24.414,0.0732,0.2844,333.5245902,1.2728,1.5026,0.7747,0.0394,3.5501,4.361212674,42.45113279,17.52425509,25.16260825,100.554143,147.9726772,26.24588123,299.3958812
4,210 ppm,thirty,one,8,Soybean,0.0194,2.017,0.123,0.141,0.135,0.36,0.385,0.381,516.033,52.587,0.1314,0.5608,400.2054795,1.0252,1.648,0.7693,0.0411,3.4425,4.765113091,42.76368218,12.68370845,21.06761788,73.66754751,115.8945264,25.0156044,298.1656044
1,210 ppm,fifty,one,8,Soybean,0.0183,1.985,0.122,0.125,0.113,0.341,0.345,0.344,636.978,18.269,0.0485,0.1916,376.6804124,1.2021,1.5268,0.3999,0.0224,3.1288,4.653690201,42.16560261,8.428486947,13.03840658,44.62469508,72.57368107,25.07164135,298.2216413
2,210 ppm,eighty,one,8,Soybean,0.015,1.93,0.096,0.101,0.115,0.283,0.281,0.302,361.929,10.002,0.0194,0.0891,515.5670103,0.4821,0.6549,0.0806,0.0052,1.2176,5.490679597,42.16179131,6.557944353,11.31628499,42.3333648,65.17445237,27.77374634,300.9237463
3,630 ppm,zero,one,8,Soybean,0.0199,2.031,0.176,0.145,0.141,0.483,0.454,0.45,293.808,34.082,0.09822,0.3602,346.9965384,0.7083,0.8836,0.321,0.0032,1.9129,5.156809885,43.15636418,17.41066062,25.83118737,107.2035099,147.9333722,24.95796716,298.1079672
4,630 ppm,thirty,one,8,Soybean,0.0199,1.918,0.109,0.117,0.134,0.321,0.33,0.354,348.844,45.561,0.0971,0.4549,469.2173018,0.5404,0.8677,0.2058,0.0039,1.6139,5.570176505,42.20826325,15.43629748,22.18308048,83.84533966,119.3926482,24.99537595,298.145376
1,630 ppm,fifty,one,8,Soybean,0.0119,1.526,0.104,0.097,0.111,0.3,0.299,0.319,79.778,21.216,0.0364,0.1472,582.8571429,0.1308,0.1619,0.0266,0,0.3193,5.398389911,41.61729372,10.20273441,14.73639792,51.92652841,77.16546563,24.98789912,298.1378991
2,630 ppm,eighty,one,8,Soybean,0.0123,1.611,0.115,0.1,0.126,0.288,0.277,0.296,311.903,21.513,0.0345,0.1746,623.5652174,0.4961,0.607,0.0557,0.0035,1.1588,5.163156741,42.3234584,8.236063079,10.40526634,44.12280379,55.87773837,24.96467771,298.1146777
12,0 ppm,thirty,three,1,Cotton,0.0224,1.805,0.108,0.099,0.173,0.241,0.233,0.415,200.771,36.096,0.1439,0.5008,250.8408617,0.6457,0.7286,0.2551,0,1.6294,2.11175645,40.9944065,7.175791803,9.708186707,37.4080242,57.84459311,24.93486364,298.0848636
9,0 ppm,fifty,three,1,Cotton,0.0248,2.004,0.141,0.134,0.145,0.353,0.341,0.351,131.438,32.589,0.1187,0.4688,274.5492839,0.6462,0.5399,0.289,0,1.4751,1.920437295,37.35504302,7.966781499,11.63474504,40.62737835,60.93337261,24.99842874,298.1484287
10,0 ppm,eighty,three,1,Cotton,0.0164,1.818,0.128,0.129,0.129,0.325,0.328,0.326,99.168,34.515,0.0718,0.3503,480.7103064,0.1857,0.2897,0.0541,0,0.5295,3.034282793,37.53734026,9.165920785,8.134784321,39.88635544,52.59922879,24.99535542,298.1453554
11,0 ppm,zero,three,1,Cotton,0.0274,1.83,0.0274,0.105,0.099,0.115,0.295,0.28,194.765,47.275,0.2289,0.8229,206.5312363,0.8663,0.9207,0.5648,0,2.3518,2.99388666,38.95152403,21.97183662,19.94133229,131.9136802,139.6346938,24.97925455,298.1292545
12,70 ppm,thirty,three,1,Cotton,0.0245,1.865,0.135,0.132,0.139,0.353,0.337,0.346,312.406,58.546,0.2357,0.8902,248.3920238,1.0342,1.2531,0.5946,0,2.8819,2.702641716,39.09450556,11.08947539,14.13449144,61.98738524,83.20970355,24.93362786,298.0836279
9,70 ppm,fifty,three,1,Cotton,0.0193,1.529,0.147,0.171,0.168,0.377,0.39,0.396,306.564,84.26,0.2721,1.227,309.6655641,0.8668,1.055,0.2716,0,2.1934,3.12121069,34.87796889,19.87406818,15.56093142,106.0533706,114.1719332,24.97782375,298.1278238
10,70 ppm,eighty,three,1,Cotton,0.024,1.788,0.136,0.151,0.138,0.347,0.353,0.349,152.721,42.474,0.1057,0.6072,401.8353832,0.2381,0.3966,0.0728,0,0.7075,4.027701956,36.08579495,11.30368728,11.09543015,59.65581764,68.81793911,25.00744428,298.1574443
11,70 ppm,zero,three,1,Cotton,0.0316,1.878,0.076,0.086,0.071,0.379,0.396,0.387,478.719,84.476,0.3984,1.706,212.0381526,1.5627,2.0372,0.4603,0,4.0602,3.913153829,37.3135175,17.23987324,18.64835234,103.6086315,126.5444661,25.01951591,298.1695159
12,210 ppm,thirty,three,1,Cotton,0.0199,1.723,0.127,0.118,0.122,0.312,0.306,0.311,320.832,64.13,0.2208,0.9699,290.4438406,0.7809,1.2294,0.22,0,2.2303,3.996872453,38.50126718,14.46155438,14.14365117,84.27511678,93.36621969,24.98609502,298.136095
9,210 ppm,fifty,three,1,Cotton,0.0213,1.635,0.144,0.164,0.135,0.367,0.377,0.351,88.381,46.359,0.1413,0.6576,328.089172,0.199,0.3161,0.0211,0,0.5362,4.485500281,37.79076017,17.89933316,16.60146434,108.9265579,113.7916747,25.42194399,298.571944
10,210 ppm,eighty,three,1,Cotton,0.023,1.874,0.23,0.149,0.157,0.368,0.376,0.378,72.209,45.905,0.113,0.5038,406.2389381,0.1846,0.2116,0.7814,0,1.1776,3.890783146,35.43183041,8.446320227,10.00195364,40.09625505,58.93650082,25.01264164,298.1626416
11,210 ppm,zero,three,1,Cotton,0.0246,1.826,0.02,0.018,0.011,0.318,0.328,0.315,451.327,86.338,0.3344,1.3583,258.187799,1.3411,1.8715,0.5652,0,3.7778,4.346198368,38.98414832,20.83036238,18.89273767,122.2362395,124.3680598,24.98548091,298.1354809
12,630 ppm,thirty,three,1,Cotton,0.0236,1.599,0.17,0.16,0.168,0.42,0.417,0.421,197.464,52.42,0.1842,0.9713,284.5819761,0.436,0.712,0.1444,0,1.2924,4.757757766,36.40052874,19.0326127,19.20869401,106.5712559,121.2163708,24.96227566,298.1122757
9,630 ppm,fifty,three,1,Cotton,0.0221,1.908,0.131,0.156,0.13,0.329,0.351,0.34,607.151,94.957,0.2912,1.4647,326.0885989,1.17,1.8849,0.2119,0,3.2668,4.507029375,35.82740953,15.6101194,15.19771635,94.10410377,97.67662512,25.00210704,298.152107
10,630 ppm,eighty,three,1,Cotton,0.0195,1.818,0.137,0.143,0.14,0.347,0.353,0.35,179.376,50.877,0.1497,0.6586,339.8597194,0.317,0.4944,0.0662,0,0.8776,3.803767483,34.37537528,8.568105221,9.003256216,47.81100655,57.15479941,24.98188856,298.1318886
11,630 ppm,zero,three,1,Cotton,0.0285,1.817,0.152,0.148,0.141,0.435,0.445,0.427,381.688,78.5,0.4223,1.4805,185.8868103,1.2786,1.771,0.8566,0,3.9062,4.794026468,44.87212719,22.54451736,24.95784625,157.5764956,153.0170321,24.97827614,298.1282761
12,0 ppm,thirty,three,2,Cotton,0.0278,1.819,0.361,0.358,0.377,0.141,0.142,0.163,128.895,13.491,0.0714,0.2543,188.9495798,0.6353,0.6147,0.409,0,1.659,2.257271907,41.35309921,4.556086865,12.34820412,40.60154498,76.84418373,25.20146305,298.3514631
9,0 ppm,fifty,three,2,Cotton,0.0293,2.027,0.439,0.43,0.427,0.18,0.171,0.191,185.844,21.146,0.0983,0.4125,215.1169888,0.5011,0.863,0.3668,0,1.7309,3.284922295,37.85632752,13.24682425,13.89450293,93.10641422,91.25317223,25.34230733,298.4923073
10,0 ppm,eighty,three,2,Cotton,0.0172,1.988,0.436,0.442,0.437,0.166,0.169,0.163,116.623,41.113,0.1282,0.4098,320.6942278,0.3297,0.4071,0.2327,0,0.9695,2.755752612,35.69440329,3.603918905,6.031654896,18.11841884,32.74589529,24.97805543,298.1280554
11,0 ppm,zero,three,2,Cotton,0.029,1.967,0.582,0.582,0.606,0.205,0.204,0.224,223.096,48.084,0.2656,0.9386,181.0391566,1.02,1.1198,0.7062,0,2.846,3.235498697,38.10795607,19.11056324,19.95255199,116.6882763,131.9323539,24.98747536,298.1374754
12,70 ppm,thirty,three,2,Cotton,0.0267,1.945,0.433,0.438,0.452,0.154,0.17,0.169,205.898,49.431,0.2465,0.9124,200.5314402,1.1135,0.9633,0.687,0,2.7638,2.672398338,38.20458638,17.64807679,18.29128731,94.75022288,113.8999747,24.95560674,298.1056067
9,70 ppm,fifty,three,2,Cotton,0.0233,2.025,0.455,0.474,0.441,0.182,0.205,0.173,296.219,40.91,0.1628,0.6904,251.2899263,0.9499,1.3261,0.5245,0,2.8005,3.375541786,38.20200662,13.79462126,16.02531495,84.23506472,97.48683025,24.93501847,298.0850185
10,70 ppm,eighty,three,2,Cotton,0.0151,1.692,0.372,0.382,0.389,0.147,0.157,0.159,31.517,35.486,0.1159,0.4389,306.1777394,0.1681,0.103,0.0987,0,0.3698,3.269277773,33.62489514,5.371075495,6.134250664,32.86629773,44.88696747,25.22914927,298.3791493
11,70 ppm,zero,three,2,Cotton,0.0262,1.802,0.45,0.44,0.443,0.171,0.169,0.165,277.247,41.983,0.2831,0.7289,148.2974214,1.4723,1.5205,0.9088,0,3.9016,2.59884362,40.9032629,14.94593572,22.90877569,84.04273533,126.070051,25.12722229,298.2772223
12,210 ppm,thirty,three,2,Cotton,0.025,1.866,0.563,0.571,0.58,0.214,0.208,0.226,209.423,53.262,0.2625,0.9377,202.9028571,0.815,0.94,0.4165,0,2.1715,3.692831677,38.40317008,23.85995963,23.65615203,132.3775321,158.5054976,24.99287859,298.1428786
9,210 ppm,fifty,three,2,Cotton,0.021,1.824,0.355,0.352,0.395,0.157,0.128,0.168,172.315,42.749,0.1426,0.6418,299.7826087,0.6927,0.7647,0.16,0,1.6174,4.252675853,38.6201221,11.44255896,9.916749523,68.82565092,70.12238634,25.08629472,298.2362947
10,210 ppm,eighty,three,2,Cotton,0.022,1.706,0.571,0.568,0.564,0.224,0.221,0.216,50.219,39.497,0.1466,0.6218,269.420191,0.2482,0.2052,0.129,0,0.5824,3.902223168,33.48075626,8.321664033,10.4496824,47.85791236,68.70011154,25.12341906,298.2734191
11,210 ppm,zero,three,2,Cotton,0.0261,1.969,0.525,0.52,0.521,0.185,0.182,0.179,233.491,34.851,0.1776,0.62,196.2331081,0.8692,1.2802,0.5849,0,2.7343,4.420341751,40.74892253,21.67974817,26.53316957,146.3188505,166.2961504,25.10231906,298.2523191
12,630 ppm,thirty,three,2,Cotton,0.0248,2.226,0.431,0.445,0.439,0.158,0.161,0.168,467.916,59.582,0.2026,0.8829,294.0868707,1.0712,1.8671,0.5175,0,3.4558,4.555645558,42.26538988,17.09050519,18.12003725,101.1388727,114.8019788,24.99489502,298.144895
9,630 ppm,fifty,three,2,Cotton,0.0222,1.87,0.514,0.535,0.518,0.206,0.203,0.187,232.104,58.08,0.2592,0.8948,224.0740741,0.7292,0.9991,0.6057,0,2.334,3.956297061,37.10814044,12.80386623,14.60410639,78.60481007,106.0842316,25.11620645,298.2662065
10,630 ppm,eighty,three,2,Cotton,0.0101,1.613,NA,NA,NA,NA,NA,NA,100.032,53.785,0.1839,0.6977,292.468733,0.3068,0.3493,0.1808,0,0.8369,3.373186854,32.23769195,10.03352366,12.27787585,56.36508142,75.95615711,25.00922199,298.159222
11,630 ppm,zero,three,2,Cotton,0.0274,1.897,0.629,0.624,0.621,0.22,0.219,0.21,245.507,53.28,0.3419,0.9327,155.8350395,1.1932,1.4083,1.3415,0,3.943,4.013668795,39.650644,15.8707618,23.85415471,101.5757149,131.7069021,24.95990323,298.1099032
12,0 ppm,thirty,three,3,Cotton,0.0228,1.757,0.161,0.147,0.135,0.33,0.332,0.318,200.819,34.945,0.14,0.5257,249.6071429,0.7742,0.785,0.3541,0,1.9133,2.425489167,42.09963059,12.84744918,13.1468124,68.99093531,84.04950397,25.1319176,298.2819176
9,0 ppm,fifty,three,3,Cotton,0.0202,1.852,0.156,0.155,0.156,0.384,0.378,0.378,160.008,44.013,0.1647,0.603,267.2313297,0.5956,0.5915,0.2012,0,1.3883,2.74497545,43.40385828,13.85359801,12.96507234,68.27637993,82.85085252,24.97843431,298.1284343
10,0 ppm,eighty,three,3,Cotton,0.0187,1.887,0.2,0.197,0.168,0.416,0.43,0.403,228.931,23.903,0.0757,0.3217,315.7595773,0.4741,0.6824,0.1285,0,1.285,3.583991593,40.64367598,9.198715761,12.50151823,66.84240061,77.50056296,28.1285349,301.2785349
11,0 ppm,zero,three,3,Cotton,0.0245,1.815,0.163,0.174,0.146,0.357,0.359,0.342,186.517,26.088,0.1306,0.3932,199.754977,0.9668,0.9221,0.3822,0,2.2711,2.264749581,41.3404841,12.70548478,14.36125122,61.5302186,86.4390783,25.12745865,298.2774587
12,70 ppm,thirty,three,3,Cotton,0.0254,1.897,0.195,0.213,0.193,0.495,0.507,0.495,258.221,50.219,0.2123,0.8282,236.5473387,1.0172,1.1074,0.3818,0,2.5064,3.479120169,42.38993173,18.59012946,22.43187788,117.5635706,141.6637881,27.61755718,300.7675572
9,70 ppm,fifty,three,3,Cotton,0.0167,1.693,0.205,0.211,0.187,0.488,0.494,0.471,112.117,40.316,0.1914,0.8229,210.6374086,0.3468,0.4355,0.1673,0,0.9496,3.766616844,38.21739252,15.00945341,15.10133326,75.31456436,91.71438297,25.09619355,298.2461935
10,70 ppm,eighty,three,3,Cotton,0.0218,1.84,0.151,0.155,0.142,0.315,0.296,0.339,145.926,17.031,0.052,0.2954,327.5192308,0.2734,0.4603,0.069,0,0.8027,5.414197494,35.22909607,5.370596334,9.606783855,26.75712978,47.70344187,25.00657214,298.1565721
11,70 ppm,zero,three,3,Cotton,0.0236,1.792,0.473,0.501,0.476,0.219,0.203,0.193,244.653,46.088,0.2238,0.7667,205.9338695,1.0591,1.1858,0.4244,0,2.6693,3.323938726,40.30978788,16.3852192,18.18988964,107.8299536,119.187015,24.99669267,298.1466927
12,210 ppm,thirty,three,3,Cotton,0.0205,1.676,0.148,0.136,0.129,0.352,0.334,0.326,264.748,81.83,0.2596,1.4984,315.2157165,0.596,1.0318,0.2689,0,1.8967,4.865526823,39.07300547,18.61682603,20.08687361,108.8195916,123.0214961,26.88912111,300.0391211
9,210 ppm,fifty,three,3,Cotton,0.0224,1.92,0.233,0.233,0.224,0.585,0.578,0.578,196.477,40.865,0.2105,1.0823,194.1330166,0.6013,0.7792,0.1252,0,1.5057,4.786163261,40.98306354,13.89741452,15.52355371,67.89710198,90.14403917,25.14348328,298.2934833
10,210 ppm,eighty,three,3,Cotton,0.0207,1.921,0.222,0.223,0.212,0.517,0.521,0.506,57.526,35.455,0.111,0.5092,319.4144144,0.3054,0.202,0.0641,0,0.5715,3.839106655,34.757145,6.308119937,8.911171039,33.73807749,52.12857227,25.00497038,298.1549704
11,210 ppm,zero,three,3,Cotton,0.0197,1.813,0.172,0.145,0.141,0.354,0.361,0.356,330.355,67.63,0.2393,1.0594,282.6159632,0.9126,1.5068,0.5338,0,2.9532,5.030684531,42.83602642,18.74197735,24.52097175,130.8157629,150.8571133,27.65537507,300.8053751
12,630 ppm,thirty,three,3,Cotton,0.0194,1.941,0.177,0.18,0.178,0.477,0.48,0.477,284.499,84.061,0.2954,1.2195,284.5666892,0.7031,1.1914,0.2307,0,2.1252,4.671608342,38.84904811,13.90170452,16.99563513,97.87925452,104.356464,25.01124399,298.161244
9,630 ppm,fifty,three,3,Cotton,0.025,1.846,0.255,0.258,0.233,0.608,0.612,0.589,199.25,61.638,0.2901,1.5174,212.4715615,0.5896,0.7902,0.2375,0,1.6173,4.094062375,37.35708821,18.9554553,19.872025,121.0329413,130.3930246,26.88742346,300.0374235
10,630 ppm,eighty,three,3,Cotton,0.0215,1.835,0.213,0.238,0.212,0.518,0.542,0.517,98.64,38.506,0.1357,0.6385,283.7582903,0.3077,0.3538,0.0784,0,0.7399,3.789759603,32.80373887,10.01461393,17.55856037,69.94312012,100.9028495,28.71647507,301.8664751
11,630 ppm,zero,three,3,Cotton,0.0245,1.948,0.589,0.549,0.586,0.21,0.221,0.248,400.402,75.982,0.3524,1.2664,215.6129398,1.3087,1.8322,0.7624,0,3.9033,3.872332817,41.30880783,21.93818664,21.53513515,119.7953767,150.9270068,25.03308094,298.1830809
12,0 ppm,thirty,three,4,Cotton,0.0278,1.958,0.147,0.149,0.159,0.36,0.361,0.37,147.514,34.886,0.1418,0.5932,246.022567,0.6625,0.5979,0.302,0,1.5624,2.129770999,39.99439558,9.153783338,13.56129447,42.40470149,68.97711609,25.85893842,299.0089384
9,0 ppm,fifty,three,4,Cotton,0.027,1.916,0.194,0.202,0.208,0.496,0.503,0.512,164.469,41.008,0.1881,0.6827,218.0116959,0.6782,0.7023,0.1845,0,1.565,4.284328918,50.4087219,9.79609442,12.90588618,53.75734299,73.48595801,25.07837302,298.228373
10,0 ppm,eighty,three,4,Cotton,0.0217,1.9,0.149,0.165,0.154,0.315,0.391,0.38,180.218,48.148,0.1523,0.5597,316.1391989,0.5142,0.5458,0.1983,0,1.2583,2.633722298,38.26623164,10.68982073,11.36030954,51.53679481,71.09710143,25.11395279,298.2639528
11,0 ppm,zero,three,4,Cotton,0.0327,2.057,0.15,0.163,0.152,0.361,0.376,0.362,104.403,24.77,0.1348,0.438,183.7537092,0.6168,0.5271,0.2286,0,1.3725,2.689672142,41.84498431,12.30636635,18.12785086,66.99364419,98.05578033,26.54090323,299.6909032
12,70 ppm,thirty,three,4,Cotton,0.0263,1.946,0.204,0.178,0.172,0.416,0.46,0.453,248.974,58.49,0.2749,0.9421,212.7682794,1.2351,1.03,0.3637,0,2.6288,2.696702592,41.66404138,16.69804005,17.19445319,82.21904378,105.8587801,24.98985484,298.1398548
9,70 ppm,fifty,three,4,Cotton,0.0266,1.961,0.192,0.19,0.195,0.478,0.485,0.482,142.974,45.307,0.1702,0.6564,266.1985899,0.4727,0.5732,0.1923,0,1.2382,2.911640689,27.84594088,14.78376939,14.29169598,71.2613151,91.44069365,25.46959179,298.6195918
10,70 ppm,eighty,three,4,Cotton,0.0259,1.954,0.2,0.196,0.198,0.49,0.493,0.485,219.284,52.943,0.1529,0.7554,346.2589928,0.3771,0.6099,0.0922,0,1.0792,3.409922445,36.52701988,14.34893846,15.01701031,95.85163637,97.40043934,28.05839765,301.2083977
11,70 ppm,zero,three,4,Cotton,0.0319,2.005,0.189,0.177,0.189,0.462,0.453,0.462,204.085,47.302,0.2722,0.8799,173.7766348,1.2147,1.0462,0.6508,0,2.9117,2.769092982,37.28615335,19.03388688,19.04711035,100.3492103,122.5646716,24.97904897,298.129049
12,210 ppm,thirty,three,4,Cotton,0.0288,2.042,0.193,0.201,0.207,0.503,0.533,0.518,216.131,82.62,0.3133,1.4263,263.7089052,0.5508,0.8317,0.1355,0,1.518,4.084202319,38.46418606,17.60116049,20.29915779,97.08825098,123.8242152,26.00239062,299.1523906
9,210 ppm,fifty,three,4,Cotton,0.0321,1.967,0.226,0.229,0.224,0.569,0.572,0.568,176.788,46.972,0.1739,0.8961,270.1092582,0.4077,0.6557,0.1336,0,1.197,4.169117882,35.45548866,17.24248427,16.37839237,87.55174545,109.5555863,25.08911173,298.2391117
10,210 ppm,eighty,three,4,Cotton,0.0302,2,0.188,0.186,0.187,0.463,0.465,0.463,156.298,40.325,0.1275,0.7586,316.2745098,0.3461,0.5376,0.1227,0,1.0064,4.473278663,34.10158503,11.77137582,11.95819353,60.6901747,76.40613365,24.98218622,298.1321862
11,210 ppm,zero,three,4,Cotton,0.0292,2.009,0.198,0.197,0.192,0.499,0.502,0.492,342.582,51.921,0.2295,0.9224,226.2352941,1.1777,1.8186,0.3618,0,3.3581,4.262057944,41.46462201,14.87016569,21.28859345,100.3043736,123.5731237,26.97982493,300.1298249
12,630 ppm,thirty,three,4,Cotton,0.0256,1.953,0.187,0.19,0.198,0.486,0.488,0.437,437.031,90.893,0.3491,1.4468,260.3637926,1.4157,1.9028,0.4113,0,3.7298,4.531860369,40.16709803,19.71078259,16.87795384,111.274026,116.7595524,25.03556686,298.1855669
9,630 ppm,fifty,three,4,Cotton,0.0246,1.932,0.207,0.223,0.223,0.545,0.561,0.554,392.586,66.338,0.2481,1.0249,267.3841193,1.0934,1.4614,0.3165,0,2.8713,4.2128918,38.66864739,17.77375412,17.884793,96.69470244,109.6671716,25.41363812,298.5636381
10,630 ppm,eighty,three,4,Cotton,0.0318,1.928,0.175,0.183,0.17,0.429,0.415,0.418,131.883,34.812,0.107,0.6683,325.3457944,0.2645,0.417,0.0607,0,0.7422,4.259606485,32.09862353,6.806529947,10.89338318,56.18213121,65.52369231,28.84926481,301.9992648
11,630 ppm,zero,three,4,Cotton,0.0252,1.938,0.2,0.206,0.212,0.509,0.521,0.509,385.001,66.784,0.3303,1.0971,202.1919467,1.4167,2.0433,0.5871,0,4.0471,3.662906378,39.20338498,17.16850332,19.93539384,96.50879188,119.1303849,24.97858622,298.1285862
12,0 ppm,thirty,three,5,Soybean,0.0159,1.654,0.146,0.147,0.136,0.42,0.424,0.415,191.779,20.995,0.0567,0.2266,370.2821869,0.3069,0.5729,0.2495,0.0786,1.1293,5.441830273,42.80624305,17.41624722,27.86962317,131.3399234,161.7621277,28.57141818,301.7214182
9,0 ppm,fifty,three,5,Soybean,0.0133,1.784,0.097,0.097,0.094,0.283,0.285,0.276,283.031,25.969,0.0524,0.2388,495.5916031,0.4671,0.6257,0.1588,0.0566,1.2516,5.473863095,43.56417011,14.25388275,19.91281784,87.75003885,112.1126714,27.51627859,300.6662786
10,0 ppm,eighty,three,5,Soybean,0.0112,1.756,0.088,0.074,0.077,0.246,0.226,0.228,163.125,16.932,0.0324,0.1491,522.5925926,0.2207,0.2885,0.067,0.0369,0.5762,5.238682137,43.08525372,11.91258099,16.99546485,72.92232302,58.53136778,26.58180205,299.7318021
11,0 ppm,zero,three,5,Soybean,0.018,1.831,0.142,0.142,0.144,0.409,0.411,0.413,379.358,26.234,0.0803,0.3082,326.6998755,0.7324,1.1399,0.3102,0.1172,2.1825,5.204772527,43.30875411,18.63456669,28.79403546,158.5358216,171.029298,29.48749062,302.6374906
12,70 ppm,thirty,three,5,Soybean,0.0149,1.675,0.145,0.145,0.145,0.428,0.425,0.423,540.507,38.731,0.1034,0.3765,374.5744681,0.8869,1.5617,0.8178,0.1769,3.2664,5.300439343,43.43768549,15.31007499,25.14627492,175.620214,148.1734708,28.75696745,301.9069674
9,70 ppm,fifty,three,5,Soybean,0.0157,1.918,0.123,0.122,0.119,0.349,0.36,0.354,411.449,16.9,0.0448,0.1797,377.2321429,0.6001,0.9589,0.1988,0.068,1.7578,5.385414817,42.59415827,12.86886539,20.97771421,84.75040998,119.2465981,28.58236979,301.7323698
10,70 ppm,eighty,three,5,Soybean,0.009,1.862,0.051,0.049,0.06,0.17,0.166,0.172,260.645,30.247,0.0472,0.1824,640.8262712,0.4672,0.4695,0.2403,0.0167,1.177,5.159846189,44.97226565,7.103238139,10.77795703,40.6674997,58.94363166,26.2301695,299.3801695
11,70 ppm,zero,three,5,Soybean,0.0189,1.806,0.106,0.105,0.108,0.297,0.29,0.3,227.016,10.019,0.0372,0.1247,269.327957,0.4632,0.6568,0.1119,0.0147,1.2319,4.395756007,42.40303339,11.48112686,15.9178139,69.57591647,89.2603527,29.12329091,302.2732909
12,210 ppm,thirty,three,5,Soybean,0.0162,1.667,0.176,0.178,0.177,0.51,0.514,0.512,548.626,42.177,0.118,0.4387,357.4322034,1.0295,1.6174,0.7462,0.0378,3.3931,4.515414937,41.94177436,21.24504474,28.43822153,123.7034374,166.9393717,27.26628182,300.4162818
9,210 ppm,fifty,three,5,Soybean,0.0162,1.798,0.09,0.096,0.094,0.265,0.277,0.277,555.419,36.756,0.0902,0.3853,407.4944568,1.0327,1.3984,0.3221,0.0117,2.7532,5.383859584,42.95089422,16.66215833,21.89583418,126.201498,129.4278111,28.92234428,302.0723443
10,210 ppm,eighty,three,5,Soybean,0.0134,1.892,0.08,0.093,0.091,0.24,0.249,0.267,300.85,27.149,0.0394,0.2046,689.0609137,0.4354,0.5367,0.0854,0.0063,1.0575,5.308011657,43.18835886,8.957810657,12.5028273,69.63456718,72.07922678,27.50645836,300.6564584
11,210 ppm,zero,three,5,Soybean,0.0186,1.87,0.114,0.113,0.115,0.33,0.329,0.335,301.941,31.274,0.0901,0.3632,347.1032186,0.6272,0.9506,0.4268,0.0235,2.0046,4.293805897,44.31495908,NA,NA,NA,NA,NA,NA
12,630 ppm,thirty,three,5,Soybean,0.014,1.814,0.157,0.153,0.152,0.461,0.449,0.456,466.792,35.112,0.0837,0.2927,419.4982079,0.7619,1.2412,0.3088,0.0138,2.3119,5.23874409,38.89717456,16.80930654,24.90424443,103.7060402,143.8807686,28.01483197,301.164832
9,630 ppm,fifty,three,5,Soybean,0.0171,1.808,0.083,0.086,0.102,0.25,0.256,0.312,583.532,37.542,0.1048,0.4202,358.2251908,1.259,1.5426,0.4671,0.0306,3.2687,5.04369625,42.99872496,15.87038984,24.43062991,117.6595102,139.524966,28.56055015,301.7105501
10,630 ppm,eighty,three,5,Soybean,0.0103,1.922,0.092,0.108,0.092,0.258,0.275,0.269,293.743,21.434,0.0435,0.1798,492.7356322,0.5461,0.6835,0.198,0.002,1.4276,5.946740255,42.92792807,9.173838619,18.4293864,68.97660886,101.7564365,28.12316334,301.2731633
11,630 ppm,zero,three,5,Soybean,0.0189,1.845,0.102,0.096,0.087,0.284,0.266,0.269,298.386,33.869,0.0896,0.373,378.0022321,0.712,0.9647,0.1584,0.0051,1.8351,4.877147296,43.15918325,NA,NA,NA,NA,NA,NA
12,0 ppm,thirty,three,6,Soybean,0.017,1.828,0.092,0.1,0.096,0.279,0.294,0.283,395.726,37.416,0.0888,0.4031,421.3513514,0.6706,0.4204,0.3821,0.1478,1.4731,4.84212237,42.88920932,14.19982052,20.60857839,87.8547709,111.7508632,25.08511056,298.2351106
9,0 ppm,fifty,three,6,Soybean,0.0135,1.816,0.14,0.136,0.134,0.392,0.391,0.39,323.709,19.85,0.055,0.1984,360.9090909,0.7329,0.8514,0.3174,0.1135,1.9017,5.25014102,42.93863773,15.50091545,26.62261352,109.3966569,144.9990416,29.6036261,302.7536261
10,0 ppm,eighty,three,6,Soybean,0.009,1.843,0.086,0.083,0.084,0.243,0.237,0.241,218.922,23.784,0.0363,0.1723,655.2066116,0.6479,1.5181,0.2236,0.0405,2.3896,4.084752859,38.76861336,6.55374926,9.400879998,35.89093643,48.2684499,25.17992053,298.3299205
11,0 ppm,zero,three,6,Soybean,0.0189,1.843,0.117,0.143,0.11,0.369,0.399,0.361,256.637,21.044,0.0613,0.2558,343.2952692,0.3981,0.717,0.3234,0.116,1.4385,5.776947349,42.13148573,18.0301535,24.61784177,108.0638304,134.3258392,25.25166041,298.4016604
12,70 ppm,thirty,three,6,Soybean,0.0186,2.021,0.1,0.103,0.106,0.304,0.305,0.307,425.353,24.317,0.0648,0.2782,375.2623457,0.7476,0.5617,0.375,0.119,1.6843,6.137642664,43.22660919,14.40728374,20.48443864,90.08800495,116.9700439,25.10810117,298.2581012
9,70 ppm,fifty,three,6,Soybean,0.0174,2.112,0.111,0.139,0.092,0.301,0.329,0.279,335.484,21.529,0.0588,0.2291,366.1394558,0.7218,0.821,0.3968,0.0473,1.9396,4.365122951,42.95772645,13.61773241,24.65586917,111.1039134,139.3667271,30.74336833,303.8933683
10,70 ppm,eighty,three,6,Soybean,0.0078,1.63,0.087,0.086,0.087,0.257,0.255,0.257,315.488,15.913,0.0247,0.0931,644.2510121,0.5684,1.0401,0.1899,0.0259,1.7984,4.613513829,36.97094983,6.513865446,9.003482117,32.70533778,46.1345665,25.23832844,298.3883284
11,70 ppm,zero,three,6,Soybean,0.0203,1.997,NA,NA,NA,NA,NA,NA,412.434,18.299,0.0678,0.244,269.8967552,1.2033,1.5661,1.0503,0.108,3.8197,4.616211817,40.89939741,13.64511232,23.21512907,81.24095238,132.8638154,26.72770029,299.8777003
12,210 ppm,thirty,three,6,Soybean,0.0195,2.022,0.108,0.106,0.119,0.325,0.323,0.361,501.699,21.896,0.0675,0.2826,324.3851852,1.1472,0.9815,0.7183,0.0151,2.847,4.987779772,41.95722221,18.37554043,31.76553818,132.3020009,184.0445194,29.36243461,302.5124346
9,210 ppm,fifty,three,6,Soybean,0.0142,1.685,0.086,0.089,0.093,0.245,0.255,0.271,373.084,33.241,0.0803,0.3528,413.9601494,0.7109,0.9544,0.3049,0.0117,1.9702,4.737335076,43.09252326,12.06121141,21.84646336,107.2750939,130.8100574,29.68945015,302.8394501
10,210 ppm,eighty,three,6,Soybean,0.0124,2.044,0.065,0.061,0.066,0.185,0.181,0.185,595.985,12.813,0.0193,0.1016,663.8860104,0.7986,1.0451,0.2022,0.0037,2.0459,4.920662153,39.14714089,7.268718698,9.864617995,40.01483372,51.24463727,25.05022023,298.2002202
11,210 ppm,zero,three,6,Soybean,0.0208,1.997,0.145,0.135,0.13,0.412,0.403,0.398,495.153,19.276,0.0682,0.2636,282.6392962,1.2095,1.7975,0.9971,0.0314,4.0041,4.774393967,43.15210737,12.9448558,20.79010891,84.0263209,109.0323822,25.5145827,298.6645827
12,630 ppm,thirty,three,6,Soybean,0.0181,1.87,0.075,0.074,0.076,0.222,0.214,0.224,640.928,35.033,0.1062,0.4422,329.8775895,1.396,0.8523,0.8664,0.0114,3.1147,4.997271933,40.77396089,16.47150209,24.96317955,122.0353974,142.8265316,27.87655953,301.0265595
9,630 ppm,fifty,three,6,Soybean,0.015,1.827,0.083,0.076,0.096,0.216,0.215,0.256,535.338,20.145,0.0613,0.2039,328.62969,1.2024,1.266,0.4187,0.0104,2.8871,4.892786811,43.2385092,10.18315547,24.77600131,121.166265,146.4648036,31.38355015,304.5335501
10,630 ppm,eighty,three,6,Soybean,0.0094,1.756,0.071,0.07,0.071,0.204,0.203,0.205,507.752,37.313,0.054,0.2201,690.9814815,0.8367,1.972,0.1612,0.0041,2.9699,4.868364831,39.14811136,9.85096638,10.76408252,47.67510501,59.9445609,25.10266804,298.252668
11,630 ppm,zero,three,6,Soybean,0.0203,2.06,0.133,0.138,0.138,0.413,0.417,0.414,696.079,31.666,0.1165,0.3888,271.8111588,1.7719,2.5954,1.3978,0.0974,5.7651,4.06471947,41.70745785,17.27147229,23.03388501,104.8835895,126.4906154,26.09734164,299.2473416
12,0 ppm,thirty,three,7,Soybean,0.0172,1.95,0.117,0.118,0.117,0.359,0.361,0.36,593.434,22.087,0.0571,0.233,386.8126095,0.9946,1.3096,0.7258,0.1506,3.03,4.821546749,39.14422794,14.19492243,22.65621462,97.29176232,127.7951539,26.77937273,299.9293727
9,0 ppm,fifty,three,7,Soybean,0.0143,1.892,0.131,0.13,0.121,0.412,0.41,0.403,416.21,44.18,0.0785,0.3665,562.8025478,0.7603,0.8832,0.2149,0.1139,1.8584,6.344291247,51.90057295,13.17122374,15.79555962,78.6779604,86.50689888,26.26395279,299.4139528
10,0 ppm,eighty,three,7,Soybean,0.0112,1.939,0.1,0.103,0.105,0.313,0.319,0.323,255.815,27.383,0.0447,0.1783,612.5950783,0.4535,0.4343,0.1576,0.0395,1.0454,4.159011094,43.76446168,7.883305783,13.9782354,113.1420442,88.70405114,28.60736745,301.7573674
11,0 ppm,zero,three,7,Soybean,0.0161,1.906,0.109,0.101,0.099,0.34,0.332,0.329,161.802,25.339,0.0507,0.2423,499.7830375,0.2204,0.3783,0.1717,0.0838,0.7704,4.498508405,37.87607135,13.98310103,20.46198371,79.21232018,102.435279,25.49949091,298.6494909
12,70 ppm,thirty,three,7,Soybean,0.0179,1.908,0.115,0.109,0.114,0.347,0.344,0.346,279.202,45.089,0.1084,0.4789,415.9501845,1.22,1.5552,0.8217,0.1911,3.5969,5.111911377,41.55360905,14.25832837,21.60866854,100.7927501,116.0645886,26.96357742,300.1135774
9,70 ppm,fifty,three,7,Soybean,0.0129,1.856,0.111,0.115,0.121,0.368,0.372,0.38,456.815,43.048,0.0744,0.3657,578.6021505,0.8718,0.915,0.3829,0.0865,2.1697,6.391629474,52.23060078,13.31226817,16.67169311,84.99522695,95.68186339,26.46202229,299.6120223
10,70 ppm,eighty,three,7,Soybean,0.0112,1.777,0.068,0.066,0.065,0.221,0.22,0.22,330.553,22.585,0.0305,0.1466,740.4918033,0.6153,0.5283,0.118,0.0287,1.2616,5.408390406,44.23778019,6.758835928,9.58821357,40.41441719,53.44619826,27.72295543,300.8729554
11,70 ppm,zero,three,7,Soybean,0.0179,1.944,0.144,0.138,0.161,0.447,0.442,0.464,370.076,36.981,0.0926,0.3982,399.362851,0.6758,1.0013,0.4821,0.1424,2.1592,4.322399514,39.59369815,16.0604561,23.02916647,121.7397013,126.8837054,26.6939085,299.8439085
12,210 ppm,thirty,three,7,Soybean,0.0152,1.872,0.12,0.128,0.123,0.387,0.392,0.388,802.006,48.875,0.119,0.4901,410.7142857,1.6781,2.0572,1.0908,0.0656,4.8261,4.415650234,40.28359985,15.05381754,22.18953804,87.84895729,119.0050279,26.57437595,299.724376
9,210 ppm,fifty,three,7,Soybean,0.0154,1.958,0.109,0.104,0.109,0.339,0.334,0.338,654.192,41.161,0.077,0.4004,534.5584416,1.2964,1.5364,0.5927,0.0104,3.4255,5.078861155,39.56861051,12.26571354,16.5670212,86.23943726,93.64417421,27.0686129,300.2186129
10,210 ppm,eighty,three,7,Soybean,0.0106,1.773,0.04,0.042,0.4,0.138,0.14,0.0138,330.729,21.874,0.0309,0.1578,707.8964401,0.5916,0.5293,0.1944,0.0085,1.3153,5.185977656,41.11994411,7.204745281,10.17200424,38.94000224,52.38891646,27.19134399,300.341344
11,210 ppm,zero,three,7,Soybean,0.0208,1.983,0.13,0.132,0.13,0.412,0.418,0.413,474.422,16.096,0.0559,0.1935,287.9427549,1.1038,1.534,0.9673,0.0146,3.6051,4.436422865,42.4190513,11.43847175,20.63806794,99.12431708,121.5931826,28.28718622,301.4371862
12,630 ppm,thirty,three,7,Soybean,0.018,1.853,0.11,0.109,0.121,0.332,0.336,0.37,557.283,32.551,0.0904,0.3569,360.0774336,1.1505,1.58,0.8349,0.012,3.5654,4.626830234,40.64692852,14.86447898,23.77042685,79.720665,128.0926148,26.43376041,299.5837604
9,630 ppm,fifty,three,7,Soybean,0.0143,1.846,0.125,0.125,0.138,0.409,0.408,0.428,639.01,50.223,0.1002,0.4786,501.2275449,1.1074,1.4475,0.488,0.0067,3.0429,5.674455663,43.4349787,13.62677474,18.1406547,93.40459337,99.18867394,27.08639414,300.2363941
10,630 ppm,eighty,three,7,Soybean,0.0099,1.751,0.047,0.04,0.041,0.16,0.139,0.14,348.256,25.963,0.0312,0.1611,832.1474359,0.6274,0.5968,0.1429,0,1.3671,5.671303108,42.30793152,7.117245765,9.568932179,39.55377595,44.81667385,27.10846305,300.2584631
11,630 ppm,zero,three,7,Soybean,0.0215,1.976,0.145,0.159,0.147,0.46,0.47,0.462,562.525,23.147,0.0794,0.2865,291.5239295,1.3983,1.8463,0.9911,0.0251,4.2357,4.200201239,42.10441938,11.52698505,21.06659092,88.11045747,120.0659716,27.36549853,300.5154985
12,0 ppm,thirty,three,8,Soybean,0.0163,1.85,0.111,0.111,0.107,0.321,0.321,0.316,409.531,15.107,0.0362,0.1521,417.320442,0.6284,0.9359,0.3841,0.1276,1.9484,5.712793747,42.28136164,11.16656266,18.13857039,60.75724089,99.45890377,26.13907243,299.2890724
9,0 ppm,fifty,three,8,Soybean,0.0125,1.91,0.075,0.08,0.083,0.229,0.236,0.24,170.662,31.299,0.045,0.2134,695.5333333,0.2972,0.3302,0.1247,0.038,0.7521,4.379507886,42.1567401,12.1588583,15.58165196,80.97776738,90.58110665,26.68289853,299.8328985
10,0 ppm,eighty,three,8,Soybean,0.0081,1.792,0.078,0.078,0.083,0.241,0.244,0.246,191.327,27.544,0.0323,0.1347,852.755418,0.2433,0.2916,0.0813,0.0295,0.6162,4.393373859,42.58321703,10.50770898,12.01697173,58.52825537,68.49774485,26.75099941,299.9009994
11,0 ppm,zero,three,8,Soybean,0.0192,1.979,0.139,0.143,0.141,0.412,0.416,0.414,268.025,22.651,0.0552,0.2292,410.3442029,0.5705,0.714,0.3895,0.0989,1.674,5.160036327,43.23023165,17.4061844,25.45130386,119.3162836,138.2785101,26.57082669,299.7208267
12,70 ppm,thirty,three,8,Soybean,0.0189,1.996,0.105,0.118,0.11,0.314,0.325,0.319,533.874,22.869,0.0546,0.2438,418.8461538,1.0836,1.2785,0.8079,0.1212,3.17,4.679171221,42.0829332,13.10542292,20.07810258,68.42031491,100.6097014,26.1472956,299.2972956
9,70 ppm,fifty,three,8,Soybean,0.0159,1.936,0.113,0.111,0.112,0.333,0.333,0.332,232.709,8.119,0.0185,0.0773,438.8648649,0.3281,0.4262,0.1321,0.0374,0.8864,5.907247855,42.81362041,7.742021072,12.95874109,51.48292644,67.58235627,26.73526481,299.8852648
10,70 ppm,eighty,three,8,Soybean,0.012,1.772,0.074,0.08,0.077,0.213,0.219,0.216,131.456,17.325,0.022,0.1291,787.5,0.1967,0.2174,0.0534,0.002,0.4675,5.369713168,42.15391555,9.570512625,12.4625399,49.22704426,67.47997387,26.3888739,299.5388739
11,70 ppm,zero,three,8,Soybean,0.0193,1.956,0.096,0.098,0.099,0.285,0.287,0.277,249.032,32.279,0.0654,0.3232,493.5626911,0.5614,0.6769,0.38,0.0615,1.6183,4.110348384,42.17812744,13.09644368,18.63137075,90.29762405,104.1585961,26.16697537,299.3169754
12,210 ppm,thirty,three,8,Soybean,0.0158,1.823,0.118,0.118,0.111,0.34,0.34,0.34,481.641,26.304,0.0665,0.2895,395.5488722,0.7204,1.0964,0.3543,0.0078,2.1711,5.405141251,42.96673193,13.69007386,19.74839563,81.41870294,108.8130914,25.58556188,298.7355619
9,210 ppm,fifty,three,8,Soybean,0.0171,1.927,0.116,0.114,0.113,0.338,0.339,0.336,509.541,27.536,0.057,0.2708,483.0877193,1.0629,1.17,0.5873,0.0265,2.8202,5.905887635,42.93542195,12.80860543,17.91228335,68.09484212,90.0466588,26.65718182,299.8071818
10,210 ppm,eighty,three,8,Soybean,0.0117,1.78,0.091,0.09,0.094,0.271,0.27,0.274,275.159,17.472,0.0265,0.1258,659.3207547,0.4584,0.4503,0.1089,0.009,1.0176,5.97851414,43.0924594,7.497539122,10.92659843,49.07296383,56.43552076,27.62817566,300.7781757
11,210 ppm,zero,three,8,Soybean,0.015,1.848,0.082,0.089,0.092,0.261,0.268,0.27,290.289,33.218,0.0671,0.336,495.052161,0.6016,0.7397,0.285,0.0238,1.6263,4.61783194,42.41875526,13.32969806,18.77231655,77.09710369,102.8839473,25.33925103,298.489251
12,630 ppm,thirty,three,8,Soybean,0.0132,1.766,0.089,0.099,0.094,0.288,0.298,0.294,696.89,55.6699,0.1052,0.5372,529.1815589,1.1882,1.5353,0.345,0.0144,3.0685,5.851615365,43.67425969,15.556596,22.43088732,88.65445763,116.3098468,25.89609589,299.0460959
9,630 ppm,fifty,three,8,Soybean,0.0106,1.671,0.06,0.058,0.064,0.19,0.186,0.19,476.024,44.008,0.0607,0.3145,725.0082372,1.0525,0.9639,0.3953,0.013,2.4117,6.131119765,43.71894765,9.128518058,11.88659372,55.05157243,63.01363721,27.4804088,300.6304088
10,630 ppm,eighty,three,8,Soybean,0.0122,1.923,0.103,0.094,0.094,0.285,0.276,0.277,305.578,31.237,0.04,0.2123,780.925,0.6291,0.6411,0.2149,0.0048,1.4851,5.587009416,44.40648487,8.768493628,13.16658899,55.46289444,68.38748672,27.48979325,300.6397933
11,630 ppm,zero,three,8,Soybean,0.0207,2.027,0.117,0.118,0.118,0.346,0.354,0.35,533.803,42.338,0.1059,0.4836,399.7922568,1.4336,1.5937,1.0712,0.0373,4.0985,5.059555522,42.50602357,NA,NA,NA,NA,NA,NA
7,0 ppm,zero,two,1,Cotton,0.0253,1.72,0.097,0.093,0.172,0.226,0.231,0.375,59.003,16.146,0.0774,0.2377,208.6046512,0.2328,0.3217,0.2788,0,0.8333,NA,NA,10.27541594,11.61503658,50.35635366,70.16451538,24.97106481,298.1210648
8,0 ppm,thirty,two,1,Cotton,0.025,2.005,0.161,0.166,0.163,0.424,0.437,0.427,134.383,37.406,0.1376,0.4947,271.8459302,0.528,0.4664,0.234,0,1.2284,2.250580414,40.13099913,11.95284944,12.45848907,59.50076766,79.03885245,25.04419472,298.1941947
5,0 ppm,fifty,two,1,Cotton,0.0257,1.974,0.138,0.136,0.139,0.366,0.366,0.366,163.037,30.527,0.1244,0.4062,245.3938907,0.5225,0.566,0.2337,0,1.3222,1.971351979,37.47776989,11.95252738,11.19450369,61.53352079,73.71231563,25.02522141,298.1752214
6,0 ppm,eighty,two,1,Cotton,0.019,1.866,0.031,0.032,0.026,0.227,0.229,0.231,197.666,49.107,0.1251,0.5623,392.5419664,0.4338,0.486,0.1298,0,1.0496,3.226746764,37.02399641,12.19390329,8.833127982,61.77540658,66.53831342,24.99385455,298.1438545
7,70 ppm,zero,two,1,Cotton,0.0297,1.952,0.172,0.142,0.153,0.383,0.376,0.384,261.392,42.586,0.2124,0.6944,200.4990584,1.1921,1.3497,0.494,0,3.0358,2.370471954,39.35791502,20.29858299,20.31271846,118.0410667,133.1398452,25.42713343,298.5771334
8,70 ppm,thirty,two,1,Cotton,0.0276,2.055,0.159,0.162,0.162,0.444,0.448,0.445,379.035,82.29,0.3039,1.1953,270.7798618,1.0718,1.2698,0.4706,0,2.8122,2.974478481,38.4733488,13.92430773,18.85050703,77.51165881,109.601934,24.98330117,298.1333012
5,70 ppm,fifty,two,1,Cotton,0.0212,1.883,0.167,0.175,0.169,0.445,0.45,0.448,336.364,97.092,0.3491,1.3811,278.1208823,0.8326,1.153,0.1842,0,2.1698,3.137686116,38.68354017,14.08129592,11.46076262,69.14153269,81.26206282,25.00248651,298.1524865
6,70 ppm,eighty,two,1,Cotton,0.018,1.761,0.078,0.062,0.078,0.239,0.228,0.245,111.774,14.03,0.0345,0.1779,406.6666667,0.2045,0.311,0.0522,0,0.5677,4.46742604,36.78568503,9.659768759,12.10919311,54.52783222,68.70852057,24.97856636,298.1285664
7,210 ppm,zero,two,1,Cotton,0.0262,1.812,0.176,0.168,0.179,0.464,0.455,0.468,211.055,43.279,0.1949,0.6775,222.0574654,0.8392,0.9868,0.3177,0,2.1437,3.207497086,39.27151105,22.09802874,23.70917896,119.4084885,145.3055348,24.98851085,298.1385109
8,210 ppm,thirty,two,1,Cotton,0.0269,1.977,0.164,0.162,0.164,0.468,0.467,0.469,464.665,62.393,0.2711,0.9558,230.147547,1.5707,1.8225,0.0409,0,3.4341,3.287906658,38.95387499,17.24549846,19.29664277,102.68012,124.520227,25.01882053,298.1688205
5,210 ppm,fifty,two,1,Cotton,0.0201,1.731,0.166,0.169,0.167,0.462,0.467,0.463,430.273,97.47,0.3734,1.3292,261.033744,1.0627,1.6129,0.342,0,3.0176,3.659613615,37.27914026,18.10394457,14.154725,94.92190334,104.0387255,25.00149912,298.1514991
6,210 ppm,eighty,two,1,Cotton,0.0188,1.858,0.132,0.117,0.131,0.33,0.318,0.335,180.349,41.69,0.1031,0.4805,404.3646945,0.2914,0.4403,0.0617,0,0.7934,4.333778796,37.20487388,13.27126709,12.45117107,63.10193181,80.31459887,24.99776477,298.1477648
7,630 ppm,zero,two,1,Cotton,0.0299,1.913,0.195,0.206,0.227,0.541,0.891,0.581,459.471,NA,0.3703,1.4055,NA,1.5741,2.1265,0.5476,0,4.2482,4.427610282,38.84744594,8.10843972,19.57362222,63.05616961,110.4640583,25.4372088,298.5872088
8,630 ppm,thirty,two,1,Cotton,0.0285,2.043,0.233,0.238,0.235,0.656,0.661,0.659,633.567,104.387,0.4136,1.665,252.3863636,1.8364,2.369,0.7896,0,4.995,4.325298433,37.58873905,18.53111455,20.56928865,112.8769894,127.7317337,24.99799355,298.1479936
5,630 ppm,fifty,two,1,Cotton,0.0257,1.936,0.19,0.194,0.192,0.504,0.513,0.508,598.614,90.961,0.3296,1.3854,275.9739078,1.3567,1.9812,0.4548,0,3.7927,4.587277123,42.07218764,15.17201659,14.55936147,73.39005244,92.61876651,25.00575689,298.1557569
6,630 ppm,eighty,two,1,Cotton,0.0179,1.872,0.128,0.111,0.109,0.319,0.31,0.304,188.164,48.225,0.1089,0.5211,442.8374656,0.3005,0.4455,0.0098,0,0.7558,4.201413878,35.49438585,11.73663794,10.76628081,63.34590469,67.80717906,24.98224545,298.1322455
7,0 ppm,zero,two,2,Cotton,0.0349,2.075,0.467,0.472,0.168,0.174,0.179,0.174,104.309,22.785,0.1266,0.4441,179.9763033,0.8549,0.578,0.5346,0,1.9675,2.537269516,39.02654935,17.2326178,20.35514108,80.9075844,117.660374,25.00220938,298.1522094
8,0 ppm,thirty,two,2,Cotton,0.0297,1.958,0.384,0.381,0.38,0.163,0.159,0.16,234.08,28.097,0.1192,0.4588,235.7130872,0.9919,1.0517,0.5267,0,2.5703,2.532913443,40.72312147,13.10910924,12.6970063,63.11593213,80.53201797,25.13561877,298.2856188
5,0 ppm,fifty,two,2,Cotton,0.029,2.102,0.528,0.535,0.537,0.198,0.207,0.207,162.356,38.639,0.1768,0.6179,218.5463801,0.5376,0.6764,0.2152,0,1.4292,2.416808455,36.27006634,13.72318582,11.81215306,65.63819117,80.55946214,25.10713812,298.2571381
6,0 ppm,eighty,two,2,Cotton,0.02,1.866,0.491,0.488,0.95,0.19,0.188,0.191,76.476,34.31,0.1195,0.4949,287.1129707,0.2465,0.2841,0.1374,0,0.668,3.250464089,35.12786448,12.53817378,9.906361101,66.9542615,66.8782671,25.17055983,298.3205598
7,70 ppm,zero,two,2,Cotton,0.0318,1.977,0.488,0.496,0.495,0.189,0.197,0.197,169.294,23.948,0.1231,0.4236,194.5410236,1.2877,0.8914,0.715,0,2.8941,2.617497451,40.17414285,16.13964965,20.95465064,97.52274142,127.0187372,24.95727214,298.1072721
8,70 ppm,thirty,two,2,Cotton,0.0308,1.992,0.468,0.472,0.468,0.187,0.191,0.187,290.556,30.027,0.1357,0.5034,221.274871,1.1796,1.4083,0.6164,0,3.2043,3.071268803,41.39307127,15.95773711,18.37811077,98.85504564,114.2625412,25.4706566,298.6206566
5,70 ppm,fifty,two,2,Cotton,0.025,2.051,0.354,0.36,0.355,0.134,0.14,0.135,313.749,28.035,0.0786,0.4072,356.6793893,0.6423,1.1386,0.2327,0,2.0136,4.170866545,39.74148389,16.89823309,20.19714046,87.87535447,119.8139316,24.98866276,298.1386628
6,70 ppm,eighty,two,2,Cotton,0.0228,1.801,0.499,0.484,0.482,0.216,0.197,0.188,145.829,40.66,0.1433,0.6614,283.7404047,0.3526,0.516,0.1527,0,1.0213,2.948250015,33.02342675,12.32809344,12.08257164,57.54162757,72.58520358,25.01737566,298.1673757
7,210 ppm,zero,two,2,Cotton,0.029,1.836,0.563,0.568,0.567,0.202,0.211,0.211,298.658,47.551,0.2336,0.906,203.557363,1.2178,1.4944,0.7541,0,3.4663,4.072014624,39.2761793,15.24836124,18.26968569,82.09028142,115.1529867,25.09862199,298.248622
8,210 ppm,thirty,two,2,Cotton,0.0234,1.989,0.427,0.435,0.436,0.165,0.173,0.174,233.961,19.223,0.0812,0.3193,236.7364532,0.6153,1.0118,0.3252,0,1.9523,5.523613084,39.00656925,10.3142103,9.161859002,79.89865849,98.40196873,25.32972317,298.4797232
5,210 ppm,fifty,two,2,Cotton,0.0245,2.026,0.453,0.466,0.466,0.182,0.191,0.191,405.614,44.113,0.1565,0.6204,281.8722045,1.0327,1.7165,0.3212,0,3.0704,3.910571982,40.45788338,13.18423678,13.65048309,80.78165377,86.8383589,25.28402317,298.4340232
6,210 ppm,eighty,two,2,Cotton,0.0155,1.664,0.9,0.386,0.395,0.149,0.149,0.152,159.273,53.395,0.1727,0.6406,309.1777649,0.3457,0.6115,0.2337,0,1.1909,3.889379985,42.03207847,7.388112363,10.45236792,39.60804251,57.29438663,25.13719883,298.2871988
7,630 ppm,zero,two,2,Cotton,0.0308,1.983,0.623,0.633,0.63,0.228,0.23,0.227,257.067,46.887,0.2556,0.8638,183.4389671,1.0968,1.3628,0.5354,0,2.995,3.615150028,33.72391711,17.90926516,28.30824277,114.9549394,165.8011861,24.99393079,298.1439308
8,630 ppm,thirty,two,2,Cotton,0.0302,1.949,0.545,0.547,0.548,0.209,0.214,0.217,298.354,37.325,0.1746,0.7735,213.7743414,0.8786,1.4846,0.4724,0,2.8356,4.539198683,38.69421547,14.56342441,18.41857314,83.26318201,111.1981997,24.9630566,298.1130566
5,630 ppm,fifty,two,2,Cotton,0.0199,2.011,0.405,0.4,0.404,0.158,0.154,0.16,293.829,52.464,0.1681,0.6417,312.0999405,0.6508,1.2029,0.1761,0,2.0298,4.516638799,38.54781134,9.427521855,7.990750807,66.99001164,71.41603994,25.2117871,298.3617871
6,630 ppm,eighty,two,2,Cotton,0.0199,1.84,0.508,0.514,0.526,0.2,0.208,0.223,119.061,42.322,0.1293,0.6029,327.3163186,0.3242,0.3972,0.1709,0,0.8923,3.793996,32.67341404,12.66365899,12.9646081,67.41124695,81.34879002,25.01595836,298.1659584
7,0 ppm,zero,two,3,Cotton,0.0259,1.914,0.165,0.165,0.168,0.403,0.345,0.397,120.599,24.996,0.1353,0.3827,184.7450111,0.5747,0.698,0.2732,0,1.5459,2.101236042,43.6432205,13.28412262,15.19676709,70.27349173,93.54189684,24.97801085,298.1280109
8,0 ppm,thirty,two,3,Cotton,0.0224,1.873,0.164,0.178,0.185,0.4,0.407,0.412,166.2,37.709,0.1592,0.5731,236.8655779,0.5528,0.7679,0.356,0,1.6767,2.582532052,41.06254186,9.877062279,11.4166667,46.06968921,67.99824196,24.99015073,298.1401507
5,0 ppm,fifty,two,3,Cotton,0.0213,1.855,0.151,0.147,0.138,0.35,0.349,0.337,165.063,27.773,0.0974,0.337,285.1437372,0.5087,0.6132,0.164,0,1.2859,2.544503231,39.0961184,9.881907724,12.13773665,59.99948806,70.11228013,27.82365777,300.9736578
6,0 ppm,eighty,two,3,Cotton,0.0167,1.829,0.129,0.13,0.13,0.328,0.328,0.33,150.638,28.989,0.0924,0.4089,313.7337662,0.3933,0.4395,0.1325,0,0.9653,NA,NA,11.08939745,8.008676287,54.42410077,61.66387075,25.05066276,298.2006628
7,70 ppm,zero,two,3,Cotton,0.0217,1.82,0.141,0.14,0.142,0.359,0.351,0.353,158.473,52.52,0.2034,0.7795,258.2104228,0.6303,0.6627,0.3938,0,1.6868,2.77848013,41.18762359,12.03298446,10.89684741,53.45714589,69.24543492,24.81035543,297.9603554
8,70 ppm,thirty,two,3,Cotton,0.0218,1.818,0.168,0.168,0.168,0.431,0.432,0.431,151.635,42.908,0.175,0.6477,245.1885714,0.3665,0.6312,0.2546,0,1.2523,3.819428759,40.96788599,17.53330372,20.06807043,119.7704925,131.7792696,27.88061349,301.0306135
5,70 ppm,fifty,two,3,Cotton,0.0313,1.831,0.204,0.204,0.207,0.51,0.51,0.511,60.473,23.147,0.0918,0.4858,252.1459695,0.2551,0.2851,NA,0,NA,3.191782672,33.12636918,13.07286702,14.12301411,62.53078716,88.563741,25.10242405,298.252424
6,70 ppm,eighty,two,3,Cotton,0.0234,1.891,0.199,0.201,0.19,0.467,0.474,0.476,54.437,18.098,0.0671,0.3034,269.7168405,0.1742,0.2253,0.0507,0,0.4502,3.78612577,35.91544646,9.777765257,13.377645,47.33598732,77.55372172,24.95794311,298.1079431
7,210 ppm,zero,two,3,Cotton,0.0249,1.84,0.149,0.142,0.125,0.35,0.34,0.324,93.222,26.029,0.1061,0.5172,245.3251649,0.2545,0.4936,0.0895,0,0.8376,5.577199784,36.75361027,11.80552292,16.2611392,57.02535377,90.28549409,24.42939853,297.5793985
8,210 ppm,thirty,two,3,Cotton,0.0183,1.787,0.138,0.149,0.16,0.355,0.36,0.37,198.454,83.432,0.2743,1.3284,304.1633248,0.5206,0.8494,0.2612,0,1.6312,4.150179296,37.14864353,16.18653847,16.73217799,106.3774025,111.8490163,27.58752111,300.7375211
5,210 ppm,fifty,two,3,Cotton,0.023,1.851,0.132,0.151,0.155,0.327,0.347,0.351,31.865,16.686,0.0394,0.2186,423.5025381,0.1366,0.1272,NA,0,NA,4.76335765,37.19619393,11.55399719,11.84224089,61.2786085,73.98507301,25.0520085,298.2020085
6,210 ppm,eighty,two,3,Cotton,0.0154,1.752,0.138,0.134,0.139,0.329,0.316,0.32,109.287,24.593,0.0553,0.2996,444.7197107,0.2058,0.3213,0.2259,0,0.753,4.7437122,35.60656342,10.94668199,12.6065544,73.16605906,75.62966135,27.84128006,300.9912801
7,630 ppm,zero,two,3,Cotton,0.0245,1.865,0.243,0.246,0.223,0.616,0.606,0.589,224.249,53.791,0.2599,0.8872,206.9680646,0.779,1.1074,0.5216,0,2.408,4.052246588,40.43572322,18.35168345,18.66799444,122.5584181,128.3667701,24.98957449,298.1395745
8,630 ppm,thirty,two,3,Cotton,0.0187,1.745,0.136,0.135,0.136,0.353,0.353,0.352,346.355,57.776,0.1876,0.8354,307.9744136,0.7697,1.372,0.4054,0,2.5471,4.613355765,39.20811595,14.19248492,15.07620121,82.12410941,96.39537446,25.08440528,298.2344053
5,630 ppm,fifty,two,3,Cotton,0.0216,1.723,0.183,0.184,0.183,0.46,0.461,0.46,91.87,36.747,0.1559,0.5838,235.7087877,0.3042,0.3953,0.1841,0,0.8836,3.246245085,35.97789076,10.0846514,17.71165139,70.6495534,105.8351668,28.70619824,301.8561982
6,630 ppm,eighty,two,3,Cotton,0.0182,1.79,0.187,0.188,0.185,0.482,0.463,0.458,118.23,28.084,0.0806,0.3619,348.4367246,0.2557,0.3479,0.5703,0,1.1739,4.005074329,35.07133517,11.52376274,14.96407371,67.50652378,81.84405271,27.58947889,300.7394789
7,0 ppm,zero,two,4,Cotton,0.0238,1.988,0.182,0.178,0.173,0.462,0.464,0.46,107.496,32.972,0.159,0.4802,207.3710692,0.6499,0.5802,0.2406,0,1.4707,2.849110606,39.75694987,13.9903111,16.57908287,78.74899755,102.5456586,23.9953739,297.1453739
8,0 ppm,thirty,two,4,Cotton,0.0298,1.988,0.192,0.201,0.189,0.475,0.483,0.47,129.621,33.892,0.1616,0.5771,209.7277228,0.625,0.6549,0.1628,0,1.4427,2.684130072,39.09395364,14.4039932,14.24128724,78.79025846,92.66643927,25.25342669,298.4034267
5,0 ppm,fifty,two,4,Cotton,0.0248,1.993,0.186,0.188,0.19,0.453,0.459,0.454,249.635,30.256,0.1148,0.4739,263.554007,0.7458,1.0114,0.1662,0,1.9234,3.15507773,38.18322684,12.74011087,13.06963013,65.31144615,80.36726729,25.6155,298.7655
6,0 ppm,eighty,two,4,Cotton,0.0221,1.93,0.182,0.17,0.191,0.441,0.434,0.451,92.27,42.107,0.1023,0.5479,411.6031281,0.1777,0.2584,0.066,0,0.5021,3.935995198,35.44754409,11.92891302,11.10769301,77.37938213,72.70138129,26.56862023,299.7186202
7,70 ppm,zero,two,4,Cotton,0.0256,1.977,0.164,0.152,0.156,0.387,0.375,0.378,198.176,37.903,0.168,0.5873,225.6130952,0.7829,0.9638,0.2609,0,2.0076,3.043312621,40.65638583,9.582637105,12.39575627,62.32915799,75.13485437,25.08097918,298.2309792
8,70 ppm,thirty,two,4,Cotton,0.0245,2.044,0.193,0.192,0.196,0.489,0.488,0.491,150.061,34.756,0.1449,0.6216,239.8619738,0.4363,0.6095,0.1215,0,1.1673,3.252921463,37.50166517,15.7082881,16.50676461,80.90552674,103.3309403,24.9875651,298.1375651
5,70 ppm,fifty,two,4,Cotton,0.028,1.952,0.206,0.192,0.197,0.503,0.488,0.492,192.902,53.918,0.2296,0.9525,234.8344948,0.6336,0.8151,0.1248,0,1.5735,3.028018418,35.95606771,15.62739101,15.63971092,80.1348548,97.6271053,25.03610733,298.1861073
6,70 ppm,eighty,two,4,Cotton,0.02,1.959,0.128,0.14,0.131,0.318,0.334,0.323,220.097,43.168,0.0935,0.5107,461.6898396,0.3926,0.6642,0.0709,0,1.1277,4.384956062,37.29402178,8.819885101,9.847576904,52.27462767,57.51019313,24.9559607,298.1059607
7,210 ppm,zero,two,4,Cotton,0.0265,2.021,0.225,0.234,0.227,0.603,0.608,0.605,237.449,59.94,0.328,0.9951,182.7439024,0.9475,1.267,0.4812,0,2.6957,3.877193879,38.07530399,12.19280032,21.03952164,61.75727652,110.3393421,24.92664106,298.0766411
8,210 ppm,thirty,two,4,Cotton,0.0281,2.016,0.237,0.234,0.241,0.598,0.595,0.598,132.844,32.583,0.166,0.7529,196.2831325,0.3576,0.5885,0.1379,0,1.084,3.41545445,33.86170575,12.24214209,16.3823986,61.65809314,88.69579606,24.97266686,298.1226669
5,210 ppm,fifty,two,4,Cotton,0.0379,2.002,0.255,0.272,0.259,0.643,0.662,0.646,156.743,43.999,0.21,1.068,209.5190476,0.4765,0.7233,0.127,0,1.3268,3.305091969,33.66098209,16.26818418,18.09203628,75.57710431,105.7601329,25.04640792,298.1964079
6,210 ppm,eighty,two,4,Cotton,0.0244,1.929,0.157,0.147,0.144,0.372,0.363,0.359,267.873,32.723,0.1049,0.5138,311.9447092,0.4851,0.8428,0.1507,0,1.4786,4.684239831,36.86899314,12.40146911,16.50338571,83.42512165,97.30975777,27.13874868,300.2887487
7,630 ppm,zero,two,4,Cotton,0.0213,1.771,0.196,0.19,0.206,0.513,0.506,0.513,302.454,74.718,0.334,1.2596,223.7065868,0.9432,1.38,0.3132,0,2.6364,4.270130317,38.58861422,20.22218706,17.65868343,110.1969651,123.7848192,24.96901642,298.1190164
8,630 ppm,thirty,two,4,Cotton,0.0241,2.032,0.175,0.177,0.186,0.45,0.455,0.464,223.143,68.628,0.2934,1.0177,233.9059305,0.5875,1.004,0.1723,0,1.7638,2.173237953,29.66174158,14.41659578,14.85003807,64.64393174,84.70088236,23.29943079,296.4494308
5,630 ppm,fifty,two,4,Cotton,0.0372,1.988,0.246,0.245,0.244,0.625,0.627,0.628,160.579,49.171,0.2229,1.1348,220.5966801,0.5395,0.7479,0.1056,0,1.393,3.52995845,31.64990665,15.73249911,18.05683453,74.49773244,105.6252049,25.01693285,298.1669328
6,630 ppm,eighty,two,4,Cotton,0.0236,1.9,0.229,0.224,0.23,0.588,0.584,0.6,174.357,46.949,0.1387,0.6419,338.4931507,0.4983,0.5403,0.1173,0,1.1559,4.13908749,37.27865222,13.43746398,12.70319863,75.59378881,81.93196589,24.98511965,298.1351196
7,0 ppm,zero,two,5,Soybean,0.013,1.645,0.132,0.128,0.125,0.391,0.387,0.385,194.984,19.577,0.0499,0.179,392.3246493,0.3101,0.5112,0.2278,0.085,1.0491,3.914963015,36.12216519,13.94366146,22.39754083,94.93637145,125.0489059,28.23586188,301.3858619
8,0 ppm,thirty,two,5,Soybean,0.014,1.744,0.099,0.083,0.099,0.296,0.29,0.297,176.03,10.991,0.0325,0.1147,338.1846154,0.2702,0.4737,0.0897,0.064,0.8336,5.55406872,42.25950544,11.60559867,17.7802204,63.33952331,93.71225704,25.41978182,298.5697818
5,0 ppm,fifty,two,5,Soybean,0.0151,1.903,0.107,0.108,0.112,0.334,0.335,0.344,399.671,12.477,0.0381,0.1292,327.480315,0.6924,0.923,0.1706,0.0818,1.786,6.128576442,42.78881009,10.66701048,17.17401927,65.72071098,88.61329734,26.78185924,299.9318592
6,0 ppm,eighty,two,5,Soybean,0.0139,1.931,0.131,0.128,0.14,0.365,0.374,0.4,169.242,19.921,0.0385,0.1541,517.4285714,0.251,0.3599,0.1303,0.0326,0.7412,3.678543484,28.89670346,7.906868534,14.49686957,59.52443626,85.65916288,27.90801173,301.0580117
7,70 ppm,zero,two,5,Soybean,0.0189,1.817,0.155,0.152,0.15,0.46,0.455,0.456,237.826,20.187,0.0656,0.2378,307.7286585,0.5958,0.8103,0.4732,0.0569,1.8793,2.781626042,24.00847132,17.38914621,26.44512638,126.3283316,153.4662517,27.34353695,300.4935369
8,70 ppm,thirty,two,5,Soybean,0.014,1.738,0.086,0.092,0.097,0.26,0.279,0.279,394.339,14.956,0.0463,0.1655,323.0237581,0.6245,1.0128,0.2748,0.0679,1.9121,5.488161993,42.68001811,10.87582354,19.36104124,69.67567703,103.1200391,27.62205396,300.772054
5,70 ppm,fifty,two,5,Soybean,0.0144,1.862,0.088,0.085,0.095,0.258,0.254,0.273,314.092,31.918,0.0698,0.2763,457.277937,0.6263,0.8039,0.2058,0.0525,1.636,4.904710478,44.62868676,13.67837733,18.35549521,104.6775296,110.0828999,26.92324487,300.0732449
6,70 ppm,eighty,two,5,Soybean,0.0103,1.767,0.092,0.108,0.092,0.258,0.275,0.269,186.008,21.843,0.0314,0.1293,695.6369427,0.3596,0.3666,0.0952,0.0178,0.8214,3.959984449,35.91526239,8.791381385,12.16091337,61.38912653,70.74219096,28.14188768,301.2918877
7,210 ppm,zero,two,5,Soybean,0.0169,1.724,0.144,0.144,0.145,0.424,0.431,0.432,203.866,22.709,0.0687,0.2643,330.5531295,0.4904,0.6535,0.3444,0.0079,1.4883,4.512623369,36.92438295,17.08499382,26.98569082,128.2890854,155.0878006,28.18030029,301.3303003
8,210 ppm,thirty,two,5,Soybean,0.0189,1.981,0.074,0.081,0.082,0.232,0.254,0.254,219.448,13.969,0.0405,0.1538,344.9135802,0.4723,0.6766,0.268,0.0137,1.4169,5.596587939,42.95250999,10.92394078,19.36954969,74.11248774,107.7535392,28.05842874,301.2084287
5,210 ppm,fifty,two,5,Soybean,0.0139,1.809,0.105,0.101,0.106,0.298,0.293,0.309,605.508,13.143,0.0409,0.1456,321.3447433,1.4148,1.4547,0.2899,0.0113,3.1594,5.248024964,43.15904979,8.743670231,13.12612211,60.19189396,71.91667253,27.43113636,300.5811364
6,210 ppm,eighty,two,5,Soybean,0.0106,1.733,0.092,0.08,0.071,0.244,0.266,0.219,240.583,28.07,0.0455,0.2038,616.9230769,0.4396,0.4758,0.1764,0.0066,1.0918,4.943954156,36.0992749,7.440868767,10.34078854,39.80897586,53.65096059,26.16803724,299.3180372
7,630 ppm,zero,two,5,Soybean,0.0188,1.783,0.16,0.158,0.16,0.486,0.486,0.493,397.09,31.625,0.107,0.3816,295.5607477,0.8658,1.2382,0.8288,0.0181,2.9328,4.100430645,34.53051835,15.46546672,28.46789906,135.7042768,163.2581691,28.27323255,301.4232326
8,630 ppm,thirty,two,5,Soybean,0.0189,1.9,0.102,0.096,0.087,0.284,0.266,0.269,462.101,34.087,0.1012,0.3795,336.8280632,0.9787,1.5317,0.4164,0.008,2.9268,4.563868516,42.74350286,14.8245249,22.49209867,109.1030521,125.9445379,27.95128094,301.1012809
5,630 ppm,fifty,two,5,Soybean,0.0163,1.811,0.051,0.048,0.43,0.153,0.147,0.13,584.895,37.136,0.0949,0.3889,391.317176,1.3013,1.532,0.2869,0.0022,3.1202,5.468880735,43.2417116,13.00912756,19.36560133,94.27974669,107.9647985,26.67798006,299.8279801
6,630 ppm,eighty,two,5,Soybean,0.0147,2.001,0.069,0.074,0.072,0.21,0.216,0.214,268.029,14.358,0.0286,0.1182,502.027972,0.429,0.4535,0.1315,7.00E-04,1.014,4.340074584,32.61321155,8.854160666,13.41373986,54.93927407,71.35110879,26.8829651,300.0329651
7,0 ppm,zero,two,6,Soybean,0.0166,1.816,0.144,0.14,0.144,0.406,0.401,0.402,569.628,26.634,0.0859,0.3006,310.0582072,1.1274,1.7394,0.5425,0.1667,3.4093,4.167548664,42.82119783,13.42184092,21.74046322,89.31555808,132.0657744,26.67899795,299.8289979
8,0 ppm,thirty,two,6,Soybean,0.0175,2.072,0.118,0.117,0.119,0.348,0.348,0.35,204.307,18.338,0.0459,0.1983,399.5206972,0.2941,0.4998,0.7279,0.0831,1.5218,4.822216041,41.93454325,12.25401782,17.70907262,75.06731504,100.6170732,25.13877067,298.2887707
5,0 ppm,fifty,two,6,Soybean,0.018,2.068,0.112,0.114,0.111,0.336,0.337,0.333,281.495,29.172,0.051,0.2437,572,0.4877,0.6014,0.0986,0.0774,1.1877,5.142757893,42.51527026,12.76963981,20.84409684,148.0663351,162.0335554,33.60451085,306.7545109
6,0 ppm,eighty,two,6,Soybean,0.0098,1.7,0.066,0.067,0.068,0.201,0.202,0.203,274.37,13.03,0.0188,0.0873,693.0851064,0.4691,0.4209,0.0608,0.0094,0.9508,5.655580887,43.48281617,6.446683759,8.159663844,42.75734678,44.73122316,27.70511408,300.8551141
7,70 ppm,zero,two,6,Soybean,0.0181,1.846,0.116,0.116,0.117,0.341,0.34,0.343,369.721,25.653,0.0806,0.3086,318.2754342,0.9514,1.2852,0.7637,0.1101,3.0003,4.245163644,42.19689591,16.19265806,22.73205433,129.8238896,135.9715427,26.74956334,299.8995633
8,70 ppm,thirty,two,6,Soybean,0.0181,1.889,0.07,0.072,0.068,0.204,0.208,0.203,415.57,30.386,0.0855,0.3478,355.3918129,1.0393,1.5533,0.659,0.1435,3.2516,3.919459694,42.33482011,13.46815362,15.3212964,73.7744963,96.64836495,26.27325073,299.4232507
5,70 ppm,fifty,two,6,Soybean,0.0136,2.095,0.118,0.11,0.115,0.343,0.336,0.341,591.962,26.367,0.0593,0.2336,444.6374368,1.2464,1.3242,0.2576,0.1078,2.8282,5.161609722,39.6607083,11.87055364,17.95823646,88.78103901,94.13065455,29.2128044,302.3628044
6,70 ppm,eighty,two,6,Soybean,0.01,1.768,0.113,0.068,0.063,0.242,0.212,0.208,481.12,6.839,0.0127,0.0559,538.503937,0.6986,0.7917,0.2075,0.0332,1.6978,4.533430047,41.43635263,3.35765642,5.458496455,15.10312708,28.33064271,24.94994604,298.099946
7,210 ppm,zero,two,6,Soybean,0.021,2.077,0.145,0.135,0.14,0.418,0.408,0.414,637.795,32.815,0.1049,0.414,312.821735,1.4852,2.239,0.8636,0.0554,4.5878,4.408123622,42.49356716,15.31888058,25.05277663,91.59531452,133.7214672,26.32815543,299.4781554
8,210 ppm,thirty,two,6,Soybean,0.021,2.155,0.141,0.143,0.146,0.405,0.404,0.407,472.078,13.425,0.0534,0.1807,251.4044944,1.6265,2.0651,0.1375,0.039,3.8291,4.44106882,41.22732668,7.099850695,15.27682532,51.37403512,87.16564596,25.5052915,298.6552915
5,210 ppm,fifty,two,6,Soybean,0.0177,1.753,0.143,0.141,0.14,0.4,0.398,0.397,462.173,23.643,0.061,0.2588,387.5901639,1.0234,1.2287,0.2579,0.0019,2.51,4.831082852,42.74860839,13.28343731,27.55618221,131.0436003,162.391458,32.88105044,306.0310504
6,210 ppm,eighty,two,6,Soybean,0.011,1.886,0.105,0.127,0.104,0.324,0.344,0.324,341.844,23.739,0.0412,0.1734,576.1893204,0.632,0.7009,0.1342,0.0045,1.4671,5.43333266,41.68872712,9.371250434,12.8804392,57.04947204,71.59053552,27.40582229,300.5558223
7,630 ppm,zero,two,6,Soybean,0.0187,1.858,0.077,0.08,0.077,0.225,0.227,0.225,642.667,47.683,0.1465,0.568,325.4812287,1.55,1.9912,0.9141,0.0479,4.4553,5.062902608,51.57258279,13.77168251,20.63988369,82.62420642,114.3365346,26.26788886,299.4178889
8,630 ppm,thirty,two,6,Soybean,0.0169,1.881,0.121,0.112,0.117,0.356,0.347,0.352,403.163,19.573,0.0622,0.2401,314.6784566,0.7608,1.1088,0.528,0.0023,2.3976,4.519922311,41.54577405,11.05634736,17.91677048,77.48201143,98.75640373,26.64639296,299.796393
5,630 ppm,fifty,two,6,Soybean,0.0125,1.634,0.07,0.084,0.063,0.181,0.169,0.172,702.717,39.619,0.0819,0.373,483.7484737,1.2983,1.5703,0.2973,0.0085,3.1659,4.616459923,38.05739727,12.73754205,22.17261894,140.107553,161.1936301,33.03472551,306.1847255
6,630 ppm,eighty,two,6,Soybean,0.0107,1.89,0.106,0.107,0.107,0.317,0.318,0.318,387.696,24.051,0.0401,0.1799,599.7755611,0.8002,0.8225,0.2021,0.0117,1.8248,5.562430655,47.13685776,9.878802858,14.15309737,61.51179574,72.34863102,27.69853343,300.8485334
7,0 ppm,zero,two,7,Soybean,0.0166,1.867,0.09,0.092,0.096,0.291,0.247,0.306,411.841,42.341,0.1128,0.4351,375.3634752,NA,1.2266,0.6884,0.0708,NA,4.361759866,43.45743739,14.92095518,23.47243428,113.0511033,130.6339119,26.87695543,300.0269554
8,0 ppm,thirty,two,7,Soybean,0.0123,1.779,0.086,0.086,0.083,0.251,0.251,0.218,349.925,40.173,0.0788,0.314,509.8096447,0.4941,0.6989,0.1956,0.0878,1.3886,4.852353833,42.11633768,12.63173983,17.29452146,76.90697311,99.96470157,26.67438739,299.8243874
5,0 ppm,fifty,two,7,Soybean,0.0131,1.913,0.089,0.087,0.094,0.243,0.295,0.302,408.253,33.144,0.0659,0.2575,502.9438543,0.9912,0.9086,0.4379,0.0886,2.3377,4.513008239,39.24078763,11.60783487,15.85004529,86.6888837,91.76163876,27.29046686,300.4404669
6,0 ppm,eighty,two,7,Soybean,0.0109,1.834,0.128,0.126,0.127,0.382,0.382,0.378,265.842,23.754,0.0368,0.1736,645.4891304,0.5425,0.4576,0.1499,0.0456,1.15,5.35178968,44.23447561,12.43232624,15.9586005,86.023869,93.05762272,27.1048434,300.2548434
7,70 ppm,zero,two,7,Soybean,0.0197,1.945,0.086,0.095,0.088,0.272,0.28,0.278,450.471,39.534,0.1165,0.4313,339.3476395,1.2902,1.4092,0.7872,0.1193,3.4866,4.261546306,43.5334827,15.03432759,18.70723508,118.4476791,130.4110056,27.33752786,300.4875279
8,70 ppm,thirty,two,7,Soybean,0.0144,1.853,0.088,0.089,0.09,0.272,0.276,0.278,586.405,31.787,0.084,0.3153,378.4166667,0.9983,1.2249,0.5822,0.0457,2.8054,5.012846536,43.05024379,13.67317251,21.77700923,91.24143328,117.9875951,27.19907507,300.3490751
5,70 ppm,fifty,two,7,Soybean,0.0149,2.029,0.104,0.103,0.116,0.314,0.315,0.356,594.678,25.194,0.0566,0.2063,445.1236749,1.2673,1.3198,0.3434,0.1132,2.9305,6.364385914,51.61081092,11.27469597,15.42574695,87.29327923,90.04932633,27.79045103,300.940451
6,70 ppm,eighty,two,7,Soybean,0.0118,1.819,0.067,0.067,0.071,0.2,0.197,0.213,204.277,22.804,0.0423,0.1567,539.1016548,0.3535,0.3465,0.103,0.0147,0.803,5.943119161,41.47594179,14.31338283,15.67531084,88.60259361,97.80426267,26.20507889,299.3550789
7,210 ppm,zero,two,7,Soybean,0.0189,1.929,0.054,0.055,0.055,0.168,0.17,0.171,544.291,26.707,0.083,0.3012,321.7710843,1.368,1.7234,1.0361,0.0332,4.1275,4.378949303,42.85615531,10.38404805,20.99174748,92.52275797,129.4360757,28.21689501,301.366895
8,210 ppm,thirty,two,7,Soybean,0.0198,1.819,0.118,0.117,0.118,0.334,0.33,0.334,455.608,15.041,0.0475,0.178,316.6526316,0.8298,1.2073,0.3664,0.0186,2.4035,4.523568935,41.30041371,8.551812717,15.63782954,59.39206786,91.42322062,27.05508563,300.2050856
5,210 ppm,fifty,two,7,Soybean,0.0143,1.89,0.072,0.075,0.075,0.238,0.244,0.247,487.019,38.607,0.0777,0.316,496.8725869,1.0733,1.053,0.2981,0.0032,2.4244,4.930871258,40.06349531,7.939016096,16.82943524,64.70392962,96.26222878,27.58894252,300.7389425
6,210 ppm,eighty,two,7,Soybean,0.0103,1.472,0.111,0.11,0.111,0.307,0.307,0.307,224.395,32.533,0.0449,0.2052,724.5657016,0.3942,0.3775,0.1096,0.0019,0.8813,5.567770532,44.14302009,10.09582252,13.30759987,71.02776099,76.43706225,27.52628856,300.6762886
7,630 ppm,zero,two,7,Soybean,0.0194,1.883,0.058,0.059,0.083,0.191,0.193,0.269,714.047,42.171,0.1243,0.5096,339.2679002,1.5812,2.0202,1.0127,0.0155,4.6141,4.445326306,40.05299997,9.869314922,18.70354479,119.7906858,147.9143837,28.74731349,301.8973135
8,630 ppm,thirty,two,7,Soybean,0.0139,1.767,0.058,0.056,0.056,0.174,0.169,0.167,658.049,46.603,0.117,0.4674,398.3162393,1.1593,1.4919,0.4493,0.0078,3.1005,5.099287153,41.72216517,13.80224738,23.31051159,113.5165133,140.9143607,27.89601848,301.0460185
5,630 ppm,fifty,two,7,Soybean,0.0136,1.904,0.03,0.033,0.047,0.106,0.115,0.153,753.911,45.592,0.0925,0.397,492.8864865,1.3553,1.5752,0.402,0.0068,3.3325,5.144061269,37.27786366,NA,NA,NA,NA,NA,NA
6,630 ppm,eighty,two,7,Soybean,0.0104,1.822,0.035,0.033,0.039,0.102,0.099,0.116,389.712,28.895,0.0352,0.1813,820.8806818,0.6988,0.664,0.205,0.0024,1.5678,5.53336964,43.71471469,8.596502232,10.71206714,44.66180357,55.02691376,26.78637742,299.9363774
7,0 ppm,zero,two,8,Soybean,0.0182,2.007,0.114,0.119,0.11,0.324,0.329,0.32,169.82,18.015,0.0506,0.1783,356.027668,0.4285,0.548,0.3093,0.0608,1.2858,3.986316993,50.40599757,13.55188207,22.45969002,79.10808857,129.9534255,26.81137713,299.9613771
8,0 ppm,thirty,two,8,Soybean,0.0118,1.807,0.093,0.09,0.091,0.277,0.273,0.275,177.248,30.33,0.058,0.218,522.9310345,0.298,0.4107,0.1984,0.0342,0.9071,4.523060714,42.18470404,13.52485156,17.29498482,80.60919133,97.66570738,25.64018886,298.7901889
5,0 ppm,fifty,two,8,Soybean,0.0116,1.799,0.078,0.075,0.074,0.224,0.221,0.221,247.685,29.195,0.0401,0.2237,728.0548628,0.5101,0.4394,0.1594,0.0349,1.1089,3.985803731,41.87459501,9.38284763,11.73849711,53.26346413,64.64442272,26.5646346,299.7146346
6,0 ppm,eighty,two,8,Soybean,0.0087,1.851,0.097,0.09,0.098,0.29,0.287,0.291,350.764,28.311,0.039,0.1587,725.9230769,0.5678,0.6054,0.1361,0.0407,1.3093,5.119285284,43.1641403,7.222607293,11.10730009,46.25248366,62.62330966,27.82334223,300.9733422
7,70 ppm,zero,two,8,Soybean,0.0128,1.895,0.085,0.084,0.083,0.259,0.256,0.256,188.155,26.775,0.0655,0.2042,408.778626,0.4109,0.5003,0.2952,0.0568,1.2064,4.166497221,41.96718555,15.77093883,20.6277296,100.9144949,117.7725994,25.89265924,299.0426592
8,70 ppm,thirty,two,8,Soybean,0.0143,1.947,0.106,0.119,0.107,0.32,0.33,0.322,276.411,20.582,0.0526,0.1744,391.2927757,0.5823,0.6654,0.3857,0.0604,1.6334,5.16432207,42.53921114,12.79095855,18.75575688,88.00797324,110.9458186,27.67,300.82
5,70 ppm,fifty,two,8,Soybean,0.0141,1.95,0.113,0.111,0.112,0.325,0.323,0.324,319.931,18.594,0.0381,0.1576,488.0314961,0.6642,0.6398,0.2652,0.0185,1.5692,5.303867916,42.94414618,9.470914305,15.16180858,62.24019345,82.42045359,26.95851701,300.108517
6,70 ppm,eighty,two,8,Soybean,0.0088,1.713,0.068,0.062,0.065,0.205,0.189,0.191,274.957,24.391,0.0325,0.1425,750.4923077,0.4327,0.4213,0.0897,0.0144,0.9437,5.300918635,43.53839614,8.115791978,10.008814,44.8816366,53.44988395,27.09924809,300.2492481
7,210 ppm,zero,two,8,Soybean,0.0197,1.909,0.119,0.124,0.119,0.358,0.363,0.358,325.73,33.143,0.0836,0.371,396.4473684,0.88733,0.9281,0.5722,0.0391,2.38763,4.647598885,42.19475409,16.00929018,22.21964032,82.84725575,118.4457376,25.49782493,298.6478249
8,210 ppm,thirty,two,8,Soybean,0.0149,1.883,0.112,0.112,0.12,0.346,0.345,0.354,360.142,32.325,0.0717,0.3212,450.8368201,0.4693,0.7878,0.1937,0.0024,1.4508,5.571717546,42.28795111,15.98722189,22.54307418,91.58508063,129.0624273,27.92757823,301.0775782
5,210 ppm,fifty,two,8,Soybean,0.0136,1.83,0.102,0.103,0.101,0.304,0.304,0.3,540.506,32.274,0.0569,0.2892,567.2056239,0.8233,0.9547,0.2356,0.014,2.0136,5.881246342,43.1059375,9.779885925,16.39079278,62.57210908,95.0589896,27.30057742,300.4505774
6,210 ppm,eighty,two,8,Soybean,0.0104,1.866,0.078,0.078,0.079,0.227,0.226,0.228,141.053,16.898,0.0219,0.1076,771.5981735,0.1645,0.1968,0.039,0.0031,0.4003,5.724688282,42.82977414,7.893483661,11.37852627,54.55430494,58.3849755,27.61644164,300.7664416
7,630 ppm,zero,two,8,Soybean,0.0207,1.987,0.103,0.105,0.101,0.314,0.316,0.314,329.14,35.535,0.0877,0.3772,405.1881414,0.8085,1.0047,0.5278,0.0195,2.341,5.611330937,48.45323437,14.67068641,20.63796281,85.27720882,114.4832716,26.87817859,300.0281786
8,630 ppm,thirty,two,8,Soybean,0.0187,1.943,0.096,0.094,0.096,0.301,0.3,0.302,407.46,18.55,0.0522,0.2031,355.3639847,0.7095,0.9503,0.3578,0.0215,2.0176,5.598759841,43.11717705,10.9793701,19.78703023,91.15002128,111.449527,27.59268387,300.7426839
5,630 ppm,fifty,two,8,Soybean,0.0124,1.781,0.095,0.092,0.093,0.281,0.278,0.279,582.695,42.855,0.0617,0.3462,694.5705024,1.0767,1.011,0.2049,0.0129,2.2926,5.591939631,40.21877858,11.05533507,15.01763692,62.64655069,78.66956609,26.95658299,300.106583
6,630 ppm,eighty,two,8,Soybean,0.0104,1.888,0.088,0.091,0.088,0.255,0.258,0.253,264.246,15.953,0.0219,0.1125,728.4474886,0.3934,0.3629,0.0692,0.0023,0.8255,4.975825057,36.4824993,7.355388692,9.784185672,41.22405973,50.5727481,26.78027683,299.9302768